TITLE;LINK;SCORE;REVIEW;PRICE;PRICE BEFORE SALE;ENVIO GRATIS;SPONSORED
SAMSUNG 870 EVO 2.5 pulgadas SATA III SSD interno;/-/es/SAMSUNG-870-pulgadas-SATA-interno/dp/B08QB93S6R/ref=sr_1_3?__mk_es_US=%C3%85M%C3%85%C5%BD%C3%95%C3%91&crid=2KF9RH1YKNFPP&keywords=ssd+internal+hard+drive&qid=1661892422&sprefix=disco+duro+interno+ssd%2Caps%2C125&sr=8-3;4.8 de 5 estrellas;21,1;189;US$189.99;VERDADERO;VERDADERO
Kingston SSD - HDD interno de repuesto para aumentar el rendimiento;/-/es/Kingston-SSD-repuesto-aumentar-rendimiento/dp/B01N5IB20Q/ref=sr_1_4?__mk_es_US=%C3%85M%C3%85%C5%BD%C3%95%C3%91&crid=2KF9RH1YKNFPP&keywords=ssd+internal+hard+drive&qid=1661892422&sprefix=disco+duro+interno+ssd%2Caps%2C125&sr=8-4;4.8 de 5 estrellas;161,928;21;US$21.99;VERDADERO;VERDADERO
Crucial BX500 1TB 3D NAND SATA 2.5-Inch Internal SSD, up to 540MB/s - CT1000BX500SSD1;/-/es/CT1000BX500SSD1/dp/B07YD579WM/ref=sr_1_5?__mk_es_US=%C3%85M%C3%85%C5%BD%C3%95%C3%91&crid=2KF9RH1YKNFPP&keywords=ssd+internal+hard+drive&qid=1661892422&sprefix=disco+duro+interno+ssd%2Caps%2C125&sr=8-5;4.8 de 5 estrellas;79,261;64;US$64.99;VERDADERO;FALSO
Crucial MX500;/-/es/CT500MX500SSD1-Crucial-MX500/dp/B0786QNS9B/ref=sr_1_6?__mk_es_US=%C3%85M%C3%85%C5%BD%C3%95%C3%91&crid=2KF9RH1YKNFPP&keywords=ssd+internal+hard+drive&qid=1661892422&sprefix=disco+duro+interno+ssd%2Caps%2C125&sr=8-6;4.8 de 5 estrellas;72,468;52;US$52.99;VERDADERO;VERDADERO
"Western Digital Unidad interna de estado sólido SSD de 1 TB WD Blue SA510 SATA - SATA III 6 Gb/s, 2.5""/7mm, hasta 560 MB/s - WDS100T3B0A";/-/es/Western-Digital-Unidad-interna-estado/dp/B09ZYQ84CM/ref=sr_1_7?__mk_es_US=%C3%85M%C3%85%C5%BD%C3%95%C3%91&crid=2KF9RH1YKNFPP&keywords=ssd+internal+hard+drive&qid=1661892422&sprefix=disco+duro+interno+ssd%2Caps%2C125&sr=8-7;4.8 de 5 estrellas;30,845;69;US$69.99;VERDADERO;FALSO
"SanDisk SSD PLUS 2TB SSD interno - SATA III 6 Gb/s, 2.5""/7mm, hasta 545 MB/s - SDSSDA-2T00-G26";/-/es/SanDisk-SSD-PLUS-interno-SDSSDA-2T00-G26/dp/B07YFFJK2Q/ref=sr_1_8?__mk_es_US=%C3%85M%C3%85%C5%BD%C3%95%C3%91&crid=2KF9RH1YKNFPP&keywords=ssd+internal+hard+drive&qid=1661892422&sprefix=disco+duro+interno+ssd%2Caps%2C125&sr=8-8;4.7 de 5 estrellas;68,88;179;US$179.99;VERDADERO;VERDADERO
Samsung 870 QVO-Series - Unidad de estado sólido SSD de 2.5 pulgadas con conexión SATA III;/-/es/Samsung-870-QVO-pulgadas-conexi%C3%B3n/dp/B089C5P5SX/ref=sr_1_9?__mk_es_US=%C3%85M%C3%85%C5%BD%C3%95%C3%91&crid=2KF9RH1YKNFPP&keywords=ssd+internal+hard+drive&qid=1661892422&sprefix=disco+duro+interno+ssd%2Caps%2C125&sr=8-9;4.8 de 5 estrellas;16,107;369;US$369.99;VERDADERO;VERDADERO
"Fanxiang S101 1TB SSD SATA III 6Gb/s 2.5"" Unidad interna de estado sólido, velocidad de lectura de hasta 550MB/s, compatible con computadoras portátiles y PC (negro)";/-/es/S101-velocidad-compatible-computadoras-port%C3%A1tiles/dp/B09XDJ673F/ref=sr_1_10?__mk_es_US=%C3%85M%C3%85%C5%BD%C3%95%C3%91&crid=2KF9RH1YKNFPP&keywords=ssd+internal+hard+drive&qid=1661892422&sprefix=disco+duro+interno+ssd%2Caps%2C125&sr=8-10;4.6 de 5 estrellas;413;56;US$56.99;VERDADERO;FALSO
"SanDisk SSD PLUS 1TB SSD interno - SATA III 6 Gb/s, 2.5""/7mm, hasta 535 MB/s - SDSSDA-1T00-G27";/-/es/SanDisk-SSD-PLUS-interno-SDSSDA-1T00-G27/dp/B09NQJMW28/ref=sr_1_11?__mk_es_US=%C3%85M%C3%85%C5%BD%C3%95%C3%91&crid=2KF9RH1YKNFPP&keywords=ssd+internal+hard+drive&qid=1661892422&sprefix=disco+duro+interno+ssd%2Caps%2C125&sr=8-11;4.8 de 5 estrellas;413;59;US$59.99;VERDADERO;VERDADERO
"HP S700 2.5"" 1TB SATA III 3D TLC Unidad interna de estado sólido (SSD) 6MC15AA#ABC";/-/es/Unidad-interna-estado-6MC15AA-ABC/dp/B07QJ2BXN8/ref=sr_1_13?__mk_es_US=%C3%85M%C3%85%C5%BD%C3%95%C3%91&crid=2KF9RH1YKNFPP&keywords=ssd+internal+hard+drive&qid=1661892422&sprefix=disco+duro+interno+ssd%2Caps%2C125&sr=8-13;4.7 de 5 estrellas;432;74;US$74.99;VERDADERO;VERDADERO
PNY CS900 - Unidad interna de estado sólido (SSD) de 240 GB 3D NAND 2.5 pulgadas SATA III, (SSD7CS900-240-RB);/-/es/PNY-CS900-interna-2-5-pulgadas-SSD7CS900-240-RB/dp/B0719D9YL7/ref=sr_1_14?__mk_es_US=%C3%85M%C3%85%C5%BD%C3%95%C3%91&crid=2KF9RH1YKNFPP&keywords=ssd+internal+hard+drive&qid=1661892422&sprefix=disco+duro+interno+ssd%2Caps%2C125&sr=8-14;4.7 de 5 estrellas;20,21;21;US$21.49;VERDADERO;FALSO
TEAMGROUP MP34 4TB con caché DRAM SLC 3D NAND TLC NVMe 1.3 PCIe Gen3x4 M.2 2280 SSD interno (velocidad de lectura/escritura de hasta 3,500/2,900 MB/s) compatible con laptop y PC de escritorio TM8FP4004T0C101;/-/es/TEAMGROUP-velocidad-compatible-escritorio-TM8FP4004T0C101/dp/B08Z7LN8NM/ref=sr_1_15?__mk_es_US=%C3%85M%C3%85%C5%BD%C3%95%C3%91&crid=2KF9RH1YKNFPP&keywords=ssd+internal+hard+drive&qid=1661892422&sprefix=disco+duro+interno+ssd%2Caps%2C125&sr=8-15;4.7 de 5 estrellas;2,365;369;US$369.99;VERDADERO;VERDADERO
SAMSUNG 970 EVO Plus SSD de 2 TB - Unidad interna de estado sólido con interfaz M.2 NVMe con tecnología V-NAND (MZ-V7S2T0B/AM);/-/es/SAMSUNG-970-EVO-Plus-SSD/dp/B07MFZXR1B/ref=sr_1_16?__mk_es_US=%C3%85M%C3%85%C5%BD%C3%95%C3%91&crid=2KF9RH1YKNFPP&keywords=ssd+internal+hard+drive&qid=1661892422&sprefix=disco+duro+interno+ssd%2Caps%2C125&sr=8-16;4.9 de 5 estrellas;40,927;199;US$199.99;VERDADERO;VERDADERO
HP S650 - Disco duro interno de estado sólido SSD SATA III de 480 GB de 2.5 pulgadas, 6 Gb/s, 3D NAND TLC, hasta 560 MB/s para actualización de laptop y escritorio, 345M9AA#ABA;/-/es/HP-S650-pulgadas-actualizaci%C3%B3n-escritorio/dp/B09KFCB1DP/ref=sr_1_18?__mk_es_US=%C3%85M%C3%85%C5%BD%C3%95%C3%91&crid=2KF9RH1YKNFPP&keywords=ssd+internal+hard+drive&qid=1661892422&sprefix=disco+duro+interno+ssd%2Caps%2C125&sr=8-18;4.7 de 5 estrellas;246;34;US$34.99;VERDADERO;FALSO
Serie Samsung 980 PRO con disipador de calor - 2TB PCIe Gen4 X4 NVMe 1.3c - SSD M.2 interno (MZ-V8P2T0CW);/-/es/Serie-Samsung-980-disipador-calor/dp/B09JHKSNNG/ref=sr_1_19?__mk_es_US=%C3%85M%C3%85%C5%BD%C3%95%C3%91&crid=2KF9RH1YKNFPP&keywords=ssd+internal+hard+drive&qid=1661892422&sprefix=disco+duro+interno+ssd%2Caps%2C125&sr=8-19;4.8 de 5 estrellas;16,144;249;US$249.99;VERDADERO;VERDADERO
PNY XLR8 CS3040 2TB M.2 NVMe Gen4 x4 Unidad interna de estado sólido (SSD) con disipador de calor - M280CS3040HS-2TB-RB​;/-/es/CS3040-Unidad-interna-estado-disipador/dp/B08KHCSQB3/ref=sr_1_20?__mk_es_US=%C3%85M%C3%85%C5%BD%C3%95%C3%91&crid=2KF9RH1YKNFPP&keywords=ssd+internal+hard+drive&qid=1661892422&sprefix=disco+duro+interno+ssd%2Caps%2C125&sr=8-20;4.6 de 5 estrellas;541;179;US$179.99;VERDADERO;VERDADERO
SAMSUNG 870 EVO 2.5 pulgadas SATA III SSD interno;/-/es/SAMSUNG-870-pulgadas-SATA-interno/dp/B08QB93S6R/ref=sr_1_3?__mk_es_US=%C3%85M%C3%85%C5%BD%C3%95%C3%91&crid=2KF9RH1YKNFPP&keywords=ssd+internal+hard+drive&qid=1661892422&sprefix=disco+duro+interno+ssd%2Caps%2C125&sr=8-3;4.8 de 5 estrellas;21,1;189;US$189.99;VERDADERO;VERDADERO
Kingston SSD - HDD interno de repuesto para aumentar el rendimiento;/-/es/Kingston-SSD-repuesto-aumentar-rendimiento/dp/B01N5IB20Q/ref=sr_1_4?__mk_es_US=%C3%85M%C3%85%C5%BD%C3%95%C3%91&crid=2KF9RH1YKNFPP&keywords=ssd+internal+hard+drive&qid=1661892422&sprefix=disco+duro+interno+ssd%2Caps%2C125&sr=8-4;4.8 de 5 estrellas;161,928;21;US$21.99;VERDADERO;VERDADERO
Crucial BX500 1TB 3D NAND SATA 2.5-Inch Internal SSD, up to 540MB/s - CT1000BX500SSD1;/-/es/CT1000BX500SSD1/dp/B07YD579WM/ref=sr_1_5?__mk_es_US=%C3%85M%C3%85%C5%BD%C3%95%C3%91&crid=2KF9RH1YKNFPP&keywords=ssd+internal+hard+drive&qid=1661892422&sprefix=disco+duro+interno+ssd%2Caps%2C125&sr=8-5;4.8 de 5 estrellas;79,261;64;US$64.99;VERDADERO;FALSO
Crucial MX500;/-/es/CT500MX500SSD1-Crucial-MX500/dp/B0786QNS9B/ref=sr_1_6?__mk_es_US=%C3%85M%C3%85%C5%BD%C3%95%C3%91&crid=2KF9RH1YKNFPP&keywords=ssd+internal+hard+drive&qid=1661892422&sprefix=disco+duro+interno+ssd%2Caps%2C125&sr=8-6;4.8 de 5 estrellas;72,468;52;US$52.99;VERDADERO;VERDADERO
"Western Digital Unidad interna de estado sólido SSD de 1 TB WD Blue SA510 SATA - SATA III 6 Gb/s, 2.5""/7mm, hasta 560 MB/s - WDS100T3B0A";/-/es/Western-Digital-Unidad-interna-estado/dp/B09ZYQ84CM/ref=sr_1_7?__mk_es_US=%C3%85M%C3%85%C5%BD%C3%95%C3%91&crid=2KF9RH1YKNFPP&keywords=ssd+internal+hard+drive&qid=1661892422&sprefix=disco+duro+interno+ssd%2Caps%2C125&sr=8-7;4.8 de 5 estrellas;30,845;69;US$69.99;VERDADERO;FALSO
"SanDisk SSD PLUS 2TB SSD interno - SATA III 6 Gb/s, 2.5""/7mm, hasta 545 MB/s - SDSSDA-2T00-G26";/-/es/SanDisk-SSD-PLUS-interno-SDSSDA-2T00-G26/dp/B07YFFJK2Q/ref=sr_1_8?__mk_es_US=%C3%85M%C3%85%C5%BD%C3%95%C3%91&crid=2KF9RH1YKNFPP&keywords=ssd+internal+hard+drive&qid=1661892422&sprefix=disco+duro+interno+ssd%2Caps%2C125&sr=8-8;4.7 de 5 estrellas;68,88;179;US$179.99;VERDADERO;VERDADERO
Samsung 870 QVO-Series - Unidad de estado sólido SSD de 2.5 pulgadas con conexión SATA III;/-/es/Samsung-870-QVO-pulgadas-conexi%C3%B3n/dp/B089C5P5SX/ref=sr_1_9?__mk_es_US=%C3%85M%C3%85%C5%BD%C3%95%C3%91&crid=2KF9RH1YKNFPP&keywords=ssd+internal+hard+drive&qid=1661892422&sprefix=disco+duro+interno+ssd%2Caps%2C125&sr=8-9;4.8 de 5 estrellas;16,107;369;US$369.99;VERDADERO;VERDADERO
"Fanxiang S101 1TB SSD SATA III 6Gb/s 2.5"" Unidad interna de estado sólido, velocidad de lectura de hasta 550MB/s, compatible con computadoras portátiles y PC (negro)";/-/es/S101-velocidad-compatible-computadoras-port%C3%A1tiles/dp/B09XDJ673F/ref=sr_1_10?__mk_es_US=%C3%85M%C3%85%C5%BD%C3%95%C3%91&crid=2KF9RH1YKNFPP&keywords=ssd+internal+hard+drive&qid=1661892422&sprefix=disco+duro+interno+ssd%2Caps%2C125&sr=8-10;4.6 de 5 estrellas;413;56;US$56.99;VERDADERO;FALSO
"SanDisk SSD PLUS 1TB SSD interno - SATA III 6 Gb/s, 2.5""/7mm, hasta 535 MB/s - SDSSDA-1T00-G27";/-/es/SanDisk-SSD-PLUS-interno-SDSSDA-1T00-G27/dp/B09NQJMW28/ref=sr_1_11?__mk_es_US=%C3%85M%C3%85%C5%BD%C3%95%C3%91&crid=2KF9RH1YKNFPP&keywords=ssd+internal+hard+drive&qid=1661892422&sprefix=disco+duro+interno+ssd%2Caps%2C125&sr=8-11;4.8 de 5 estrellas;413;59;US$59.99;VERDADERO;VERDADERO
"HP S700 2.5"" 1TB SATA III 3D TLC Unidad interna de estado sólido (SSD) 6MC15AA#ABC";/-/es/Unidad-interna-estado-6MC15AA-ABC/dp/B07QJ2BXN8/ref=sr_1_13?__mk_es_US=%C3%85M%C3%85%C5%BD%C3%95%C3%91&crid=2KF9RH1YKNFPP&keywords=ssd+internal+hard+drive&qid=1661892422&sprefix=disco+duro+interno+ssd%2Caps%2C125&sr=8-13;4.7 de 5 estrellas;432;74;US$74.99;VERDADERO;VERDADERO
PNY CS900 - Unidad interna de estado sólido (SSD) de 240 GB 3D NAND 2.5 pulgadas SATA III, (SSD7CS900-240-RB);/-/es/PNY-CS900-interna-2-5-pulgadas-SSD7CS900-240-RB/dp/B0719D9YL7/ref=sr_1_14?__mk_es_US=%C3%85M%C3%85%C5%BD%C3%95%C3%91&crid=2KF9RH1YKNFPP&keywords=ssd+internal+hard+drive&qid=1661892422&sprefix=disco+duro+interno+ssd%2Caps%2C125&sr=8-14;4.7 de 5 estrellas;20,21;21;US$21.49;VERDADERO;FALSO
TEAMGROUP MP34 4TB con caché DRAM SLC 3D NAND TLC NVMe 1.3 PCIe Gen3x4 M.2 2280 SSD interno (velocidad de lectura/escritura de hasta 3,500/2,900 MB/s) compatible con laptop y PC de escritorio TM8FP4004T0C101;/-/es/TEAMGROUP-velocidad-compatible-escritorio-TM8FP4004T0C101/dp/B08Z7LN8NM/ref=sr_1_15?__mk_es_US=%C3%85M%C3%85%C5%BD%C3%95%C3%91&crid=2KF9RH1YKNFPP&keywords=ssd+internal+hard+drive&qid=1661892422&sprefix=disco+duro+interno+ssd%2Caps%2C125&sr=8-15;4.7 de 5 estrellas;2,365;369;US$369.99;VERDADERO;VERDADERO
SAMSUNG 970 EVO Plus SSD de 2 TB - Unidad interna de estado sólido con interfaz M.2 NVMe con tecnología V-NAND (MZ-V7S2T0B/AM);/-/es/SAMSUNG-970-EVO-Plus-SSD/dp/B07MFZXR1B/ref=sr_1_16?__mk_es_US=%C3%85M%C3%85%C5%BD%C3%95%C3%91&crid=2KF9RH1YKNFPP&keywords=ssd+internal+hard+drive&qid=1661892422&sprefix=disco+duro+interno+ssd%2Caps%2C125&sr=8-16;4.9 de 5 estrellas;40,927;199;US$199.99;VERDADERO;VERDADERO
HP S650 - Disco duro interno de estado sólido SSD SATA III de 480 GB de 2.5 pulgadas, 6 Gb/s, 3D NAND TLC, hasta 560 MB/s para actualización de laptop y escritorio, 345M9AA#ABA;/-/es/HP-S650-pulgadas-actualizaci%C3%B3n-escritorio/dp/B09KFCB1DP/ref=sr_1_18?__mk_es_US=%C3%85M%C3%85%C5%BD%C3%95%C3%91&crid=2KF9RH1YKNFPP&keywords=ssd+internal+hard+drive&qid=1661892422&sprefix=disco+duro+interno+ssd%2Caps%2C125&sr=8-18;4.7 de 5 estrellas;246;34;US$34.99;VERDADERO;FALSO
Serie Samsung 980 PRO con disipador de calor - 2TB PCIe Gen4 X4 NVMe 1.3c - SSD M.2 interno (MZ-V8P2T0CW);/-/es/Serie-Samsung-980-disipador-calor/dp/B09JHKSNNG/ref=sr_1_19?__mk_es_US=%C3%85M%C3%85%C5%BD%C3%95%C3%91&crid=2KF9RH1YKNFPP&keywords=ssd+internal+hard+drive&qid=1661892422&sprefix=disco+duro+interno+ssd%2Caps%2C125&sr=8-19;4.8 de 5 estrellas;16,144;249;US$249.99;VERDADERO;VERDADERO
PNY XLR8 CS3040 2TB M.2 NVMe Gen4 x4 Unidad interna de estado sólido (SSD) con disipador de calor - M280CS3040HS-2TB-RB​;/-/es/CS3040-Unidad-interna-estado-disipador/dp/B08KHCSQB3/ref=sr_1_20?__mk_es_US=%C3%85M%C3%85%C5%BD%C3%95%C3%91&crid=2KF9RH1YKNFPP&keywords=ssd+internal+hard+drive&qid=1661892422&sprefix=disco+duro+interno+ssd%2Caps%2C125&sr=8-20;4.6 de 5 estrellas;541;179;US$179.99;VERDADERO;VERDADERO
SAMSUNG 870 EVO 2.5 pulgadas SATA III SSD interno;/-/es/SAMSUNG-870-pulgadas-SATA-interno/dp/B08QB93S6R/ref=sr_1_3?__mk_es_US=%C3%85M%C3%85%C5%BD%C3%95%C3%91&crid=2KF9RH1YKNFPP&keywords=ssd+internal+hard+drive&qid=1661892422&sprefix=disco+duro+interno+ssd%2Caps%2C125&sr=8-3;4.8 de 5 estrellas;21,1;189;US$189.99;VERDADERO;VERDADERO
Kingston SSD - HDD interno de repuesto para aumentar el rendimiento;/-/es/Kingston-SSD-repuesto-aumentar-rendimiento/dp/B01N5IB20Q/ref=sr_1_4?__mk_es_US=%C3%85M%C3%85%C5%BD%C3%95%C3%91&crid=2KF9RH1YKNFPP&keywords=ssd+internal+hard+drive&qid=1661892422&sprefix=disco+duro+interno+ssd%2Caps%2C125&sr=8-4;4.8 de 5 estrellas;161,928;21;US$21.99;VERDADERO;VERDADERO
Crucial BX500 1TB 3D NAND SATA 2.5-Inch Internal SSD, up to 540MB/s - CT1000BX500SSD1;/-/es/CT1000BX500SSD1/dp/B07YD579WM/ref=sr_1_5?__mk_es_US=%C3%85M%C3%85%C5%BD%C3%95%C3%91&crid=2KF9RH1YKNFPP&keywords=ssd+internal+hard+drive&qid=1661892422&sprefix=disco+duro+interno+ssd%2Caps%2C125&sr=8-5;4.8 de 5 estrellas;79,261;64;US$64.99;VERDADERO;FALSO
Crucial MX500;/-/es/CT500MX500SSD1-Crucial-MX500/dp/B0786QNS9B/ref=sr_1_6?__mk_es_US=%C3%85M%C3%85%C5%BD%C3%95%C3%91&crid=2KF9RH1YKNFPP&keywords=ssd+internal+hard+drive&qid=1661892422&sprefix=disco+duro+interno+ssd%2Caps%2C125&sr=8-6;4.8 de 5 estrellas;72,468;52;US$52.99;VERDADERO;VERDADERO
"Western Digital Unidad interna de estado sólido SSD de 1 TB WD Blue SA510 SATA - SATA III 6 Gb/s, 2.5""/7mm, hasta 560 MB/s - WDS100T3B0A";/-/es/Western-Digital-Unidad-interna-estado/dp/B09ZYQ84CM/ref=sr_1_7?__mk_es_US=%C3%85M%C3%85%C5%BD%C3%95%C3%91&crid=2KF9RH1YKNFPP&keywords=ssd+internal+hard+drive&qid=1661892422&sprefix=disco+duro+interno+ssd%2Caps%2C125&sr=8-7;4.8 de 5 estrellas;30,845;69;US$69.99;VERDADERO;FALSO
"SanDisk SSD PLUS 2TB SSD interno - SATA III 6 Gb/s, 2.5""/7mm, hasta 545 MB/s - SDSSDA-2T00-G26";/-/es/SanDisk-SSD-PLUS-interno-SDSSDA-2T00-G26/dp/B07YFFJK2Q/ref=sr_1_8?__mk_es_US=%C3%85M%C3%85%C5%BD%C3%95%C3%91&crid=2KF9RH1YKNFPP&keywords=ssd+internal+hard+drive&qid=1661892422&sprefix=disco+duro+interno+ssd%2Caps%2C125&sr=8-8;4.7 de 5 estrellas;68,88;179;US$179.99;VERDADERO;VERDADERO
Samsung 870 QVO-Series - Unidad de estado sólido SSD de 2.5 pulgadas con conexión SATA III;/-/es/Samsung-870-QVO-pulgadas-conexi%C3%B3n/dp/B089C5P5SX/ref=sr_1_9?__mk_es_US=%C3%85M%C3%85%C5%BD%C3%95%C3%91&crid=2KF9RH1YKNFPP&keywords=ssd+internal+hard+drive&qid=1661892422&sprefix=disco+duro+interno+ssd%2Caps%2C125&sr=8-9;4.8 de 5 estrellas;16,107;369;US$369.99;VERDADERO;VERDADERO
"Fanxiang S101 1TB SSD SATA III 6Gb/s 2.5"" Unidad interna de estado sólido, velocidad de lectura de hasta 550MB/s, compatible con computadoras portátiles y PC (negro)";/-/es/S101-velocidad-compatible-computadoras-port%C3%A1tiles/dp/B09XDJ673F/ref=sr_1_10?__mk_es_US=%C3%85M%C3%85%C5%BD%C3%95%C3%91&crid=2KF9RH1YKNFPP&keywords=ssd+internal+hard+drive&qid=1661892422&sprefix=disco+duro+interno+ssd%2Caps%2C125&sr=8-10;4.6 de 5 estrellas;413;56;US$56.99;VERDADERO;FALSO
"SanDisk SSD PLUS 1TB SSD interno - SATA III 6 Gb/s, 2.5""/7mm, hasta 535 MB/s - SDSSDA-1T00-G27";/-/es/SanDisk-SSD-PLUS-interno-SDSSDA-1T00-G27/dp/B09NQJMW28/ref=sr_1_11?__mk_es_US=%C3%85M%C3%85%C5%BD%C3%95%C3%91&crid=2KF9RH1YKNFPP&keywords=ssd+internal+hard+drive&qid=1661892422&sprefix=disco+duro+interno+ssd%2Caps%2C125&sr=8-11;4.8 de 5 estrellas;413;59;US$59.99;VERDADERO;VERDADERO
"HP S700 2.5"" 1TB SATA III 3D TLC Unidad interna de estado sólido (SSD) 6MC15AA#ABC";/-/es/Unidad-interna-estado-6MC15AA-ABC/dp/B07QJ2BXN8/ref=sr_1_13?__mk_es_US=%C3%85M%C3%85%C5%BD%C3%95%C3%91&crid=2KF9RH1YKNFPP&keywords=ssd+internal+hard+drive&qid=1661892422&sprefix=disco+duro+interno+ssd%2Caps%2C125&sr=8-13;4.7 de 5 estrellas;432;74;US$74.99;VERDADERO;VERDADERO
PNY CS900 - Unidad interna de estado sólido (SSD) de 240 GB 3D NAND 2.5 pulgadas SATA III, (SSD7CS900-240-RB);/-/es/PNY-CS900-interna-2-5-pulgadas-SSD7CS900-240-RB/dp/B0719D9YL7/ref=sr_1_14?__mk_es_US=%C3%85M%C3%85%C5%BD%C3%95%C3%91&crid=2KF9RH1YKNFPP&keywords=ssd+internal+hard+drive&qid=1661892422&sprefix=disco+duro+interno+ssd%2Caps%2C125&sr=8-14;4.7 de 5 estrellas;20,21;21;US$21.49;VERDADERO;FALSO
TEAMGROUP MP34 4TB con caché DRAM SLC 3D NAND TLC NVMe 1.3 PCIe Gen3x4 M.2 2280 SSD interno (velocidad de lectura/escritura de hasta 3,500/2,900 MB/s) compatible con laptop y PC de escritorio TM8FP4004T0C101;/-/es/TEAMGROUP-velocidad-compatible-escritorio-TM8FP4004T0C101/dp/B08Z7LN8NM/ref=sr_1_15?__mk_es_US=%C3%85M%C3%85%C5%BD%C3%95%C3%91&crid=2KF9RH1YKNFPP&keywords=ssd+internal+hard+drive&qid=1661892422&sprefix=disco+duro+interno+ssd%2Caps%2C125&sr=8-15;4.7 de 5 estrellas;2,365;369;US$369.99;VERDADERO;VERDADERO
SAMSUNG 970 EVO Plus SSD de 2 TB - Unidad interna de estado sólido con interfaz M.2 NVMe con tecnología V-NAND (MZ-V7S2T0B/AM);/-/es/SAMSUNG-970-EVO-Plus-SSD/dp/B07MFZXR1B/ref=sr_1_16?__mk_es_US=%C3%85M%C3%85%C5%BD%C3%95%C3%91&crid=2KF9RH1YKNFPP&keywords=ssd+internal+hard+drive&qid=1661892422&sprefix=disco+duro+interno+ssd%2Caps%2C125&sr=8-16;4.9 de 5 estrellas;40,927;199;US$199.99;VERDADERO;VERDADERO
HP S650 - Disco duro interno de estado sólido SSD SATA III de 480 GB de 2.5 pulgadas, 6 Gb/s, 3D NAND TLC, hasta 560 MB/s para actualización de laptop y escritorio, 345M9AA#ABA;/-/es/HP-S650-pulgadas-actualizaci%C3%B3n-escritorio/dp/B09KFCB1DP/ref=sr_1_18?__mk_es_US=%C3%85M%C3%85%C5%BD%C3%95%C3%91&crid=2KF9RH1YKNFPP&keywords=ssd+internal+hard+drive&qid=1661892422&sprefix=disco+duro+interno+ssd%2Caps%2C125&sr=8-18;4.7 de 5 estrellas;246;34;US$34.99;VERDADERO;FALSO
Serie Samsung 980 PRO con disipador de calor - 2TB PCIe Gen4 X4 NVMe 1.3c - SSD M.2 interno (MZ-V8P2T0CW);/-/es/Serie-Samsung-980-disipador-calor/dp/B09JHKSNNG/ref=sr_1_19?__mk_es_US=%C3%85M%C3%85%C5%BD%C3%95%C3%91&crid=2KF9RH1YKNFPP&keywords=ssd+internal+hard+drive&qid=1661892422&sprefix=disco+duro+interno+ssd%2Caps%2C125&sr=8-19;4.8 de 5 estrellas;16,144;249;US$249.99;VERDADERO;VERDADERO
PNY XLR8 CS3040 2TB M.2 NVMe Gen4 x4 Unidad interna de estado sólido (SSD) con disipador de calor - M280CS3040HS-2TB-RB​;/-/es/CS3040-Unidad-interna-estado-disipador/dp/B08KHCSQB3/ref=sr_1_20?__mk_es_US=%C3%85M%C3%85%C5%BD%C3%95%C3%91&crid=2KF9RH1YKNFPP&keywords=ssd+internal+hard+drive&qid=1661892422&sprefix=disco+duro+interno+ssd%2Caps%2C125&sr=8-20;4.6 de 5 estrellas;541;179;US$179.99;VERDADERO;VERDADERO
SAMSUNG 870 EVO 2.5 pulgadas SATA III SSD interno;/-/es/SAMSUNG-870-pulgadas-SATA-interno/dp/B08QB93S6R/ref=sr_1_3?__mk_es_US=%C3%85M%C3%85%C5%BD%C3%95%C3%91&crid=2KF9RH1YKNFPP&keywords=ssd+internal+hard+drive&qid=1661892422&sprefix=disco+duro+interno+ssd%2Caps%2C125&sr=8-3;4.8 de 5 estrellas;21,1;189;US$189.99;VERDADERO;VERDADERO
Kingston SSD - HDD interno de repuesto para aumentar el rendimiento;/-/es/Kingston-SSD-repuesto-aumentar-rendimiento/dp/B01N5IB20Q/ref=sr_1_4?__mk_es_US=%C3%85M%C3%85%C5%BD%C3%95%C3%91&crid=2KF9RH1YKNFPP&keywords=ssd+internal+hard+drive&qid=1661892422&sprefix=disco+duro+interno+ssd%2Caps%2C125&sr=8-4;4.8 de 5 estrellas;161,928;21;US$21.99;VERDADERO;VERDADERO
Crucial BX500 1TB 3D NAND SATA 2.5-Inch Internal SSD, up to 540MB/s - CT1000BX500SSD1;/-/es/CT1000BX500SSD1/dp/B07YD579WM/ref=sr_1_5?__mk_es_US=%C3%85M%C3%85%C5%BD%C3%95%C3%91&crid=2KF9RH1YKNFPP&keywords=ssd+internal+hard+drive&qid=1661892422&sprefix=disco+duro+interno+ssd%2Caps%2C125&sr=8-5;4.8 de 5 estrellas;79,261;64;US$64.99;VERDADERO;FALSO
Crucial MX500;/-/es/CT500MX500SSD1-Crucial-MX500/dp/B0786QNS9B/ref=sr_1_6?__mk_es_US=%C3%85M%C3%85%C5%BD%C3%95%C3%91&crid=2KF9RH1YKNFPP&keywords=ssd+internal+hard+drive&qid=1661892422&sprefix=disco+duro+interno+ssd%2Caps%2C125&sr=8-6;4.8 de 5 estrellas;72,468;52;US$52.99;VERDADERO;VERDADERO
"Western Digital Unidad interna de estado sólido SSD de 1 TB WD Blue SA510 SATA - SATA III 6 Gb/s, 2.5""/7mm, hasta 560 MB/s - WDS100T3B0A";/-/es/Western-Digital-Unidad-interna-estado/dp/B09ZYQ84CM/ref=sr_1_7?__mk_es_US=%C3%85M%C3%85%C5%BD%C3%95%C3%91&crid=2KF9RH1YKNFPP&keywords=ssd+internal+hard+drive&qid=1661892422&sprefix=disco+duro+interno+ssd%2Caps%2C125&sr=8-7;4.8 de 5 estrellas;30,845;69;US$69.99;VERDADERO;FALSO
"SanDisk SSD PLUS 2TB SSD interno - SATA III 6 Gb/s, 2.5""/7mm, hasta 545 MB/s - SDSSDA-2T00-G26";/-/es/SanDisk-SSD-PLUS-interno-SDSSDA-2T00-G26/dp/B07YFFJK2Q/ref=sr_1_8?__mk_es_US=%C3%85M%C3%85%C5%BD%C3%95%C3%91&crid=2KF9RH1YKNFPP&keywords=ssd+internal+hard+drive&qid=1661892422&sprefix=disco+duro+interno+ssd%2Caps%2C125&sr=8-8;4.7 de 5 estrellas;68,88;179;US$179.99;VERDADERO;VERDADERO
Samsung 870 QVO-Series - Unidad de estado sólido SSD de 2.5 pulgadas con conexión SATA III;/-/es/Samsung-870-QVO-pulgadas-conexi%C3%B3n/dp/B089C5P5SX/ref=sr_1_9?__mk_es_US=%C3%85M%C3%85%C5%BD%C3%95%C3%91&crid=2KF9RH1YKNFPP&keywords=ssd+internal+hard+drive&qid=1661892422&sprefix=disco+duro+interno+ssd%2Caps%2C125&sr=8-9;4.8 de 5 estrellas;16,107;369;US$369.99;VERDADERO;VERDADERO
"Fanxiang S101 1TB SSD SATA III 6Gb/s 2.5"" Unidad interna de estado sólido, velocidad de lectura de hasta 550MB/s, compatible con computadoras portátiles y PC (negro)";/-/es/S101-velocidad-compatible-computadoras-port%C3%A1tiles/dp/B09XDJ673F/ref=sr_1_10?__mk_es_US=%C3%85M%C3%85%C5%BD%C3%95%C3%91&crid=2KF9RH1YKNFPP&keywords=ssd+internal+hard+drive&qid=1661892422&sprefix=disco+duro+interno+ssd%2Caps%2C125&sr=8-10;4.6 de 5 estrellas;413;56;US$56.99;VERDADERO;FALSO
"SanDisk SSD PLUS 1TB SSD interno - SATA III 6 Gb/s, 2.5""/7mm, hasta 535 MB/s - SDSSDA-1T00-G27";/-/es/SanDisk-SSD-PLUS-interno-SDSSDA-1T00-G27/dp/B09NQJMW28/ref=sr_1_11?__mk_es_US=%C3%85M%C3%85%C5%BD%C3%95%C3%91&crid=2KF9RH1YKNFPP&keywords=ssd+internal+hard+drive&qid=1661892422&sprefix=disco+duro+interno+ssd%2Caps%2C125&sr=8-11;4.8 de 5 estrellas;413;59;US$59.99;VERDADERO;VERDADERO
"HP S700 2.5"" 1TB SATA III 3D TLC Unidad interna de estado sólido (SSD) 6MC15AA#ABC";/-/es/Unidad-interna-estado-6MC15AA-ABC/dp/B07QJ2BXN8/ref=sr_1_13?__mk_es_US=%C3%85M%C3%85%C5%BD%C3%95%C3%91&crid=2KF9RH1YKNFPP&keywords=ssd+internal+hard+drive&qid=1661892422&sprefix=disco+duro+interno+ssd%2Caps%2C125&sr=8-13;4.7 de 5 estrellas;432;74;US$74.99;VERDADERO;VERDADERO
PNY CS900 - Unidad interna de estado sólido (SSD) de 240 GB 3D NAND 2.5 pulgadas SATA III, (SSD7CS900-240-RB);/-/es/PNY-CS900-interna-2-5-pulgadas-SSD7CS900-240-RB/dp/B0719D9YL7/ref=sr_1_14?__mk_es_US=%C3%85M%C3%85%C5%BD%C3%95%C3%91&crid=2KF9RH1YKNFPP&keywords=ssd+internal+hard+drive&qid=1661892422&sprefix=disco+duro+interno+ssd%2Caps%2C125&sr=8-14;4.7 de 5 estrellas;20,21;21;US$21.49;VERDADERO;FALSO
TEAMGROUP MP34 4TB con caché DRAM SLC 3D NAND TLC NVMe 1.3 PCIe Gen3x4 M.2 2280 SSD interno (velocidad de lectura/escritura de hasta 3,500/2,900 MB/s) compatible con laptop y PC de escritorio TM8FP4004T0C101;/-/es/TEAMGROUP-velocidad-compatible-escritorio-TM8FP4004T0C101/dp/B08Z7LN8NM/ref=sr_1_15?__mk_es_US=%C3%85M%C3%85%C5%BD%C3%95%C3%91&crid=2KF9RH1YKNFPP&keywords=ssd+internal+hard+drive&qid=1661892422&sprefix=disco+duro+interno+ssd%2Caps%2C125&sr=8-15;4.7 de 5 estrellas;2,365;369;US$369.99;VERDADERO;VERDADERO
SAMSUNG 970 EVO Plus SSD de 2 TB - Unidad interna de estado sólido con interfaz M.2 NVMe con tecnología V-NAND (MZ-V7S2T0B/AM);/-/es/SAMSUNG-970-EVO-Plus-SSD/dp/B07MFZXR1B/ref=sr_1_16?__mk_es_US=%C3%85M%C3%85%C5%BD%C3%95%C3%91&crid=2KF9RH1YKNFPP&keywords=ssd+internal+hard+drive&qid=1661892422&sprefix=disco+duro+interno+ssd%2Caps%2C125&sr=8-16;4.9 de 5 estrellas;40,927;199;US$199.99;VERDADERO;VERDADERO
HP S650 - Disco duro interno de estado sólido SSD SATA III de 480 GB de 2.5 pulgadas, 6 Gb/s, 3D NAND TLC, hasta 560 MB/s para actualización de laptop y escritorio, 345M9AA#ABA;/-/es/HP-S650-pulgadas-actualizaci%C3%B3n-escritorio/dp/B09KFCB1DP/ref=sr_1_18?__mk_es_US=%C3%85M%C3%85%C5%BD%C3%95%C3%91&crid=2KF9RH1YKNFPP&keywords=ssd+internal+hard+drive&qid=1661892422&sprefix=disco+duro+interno+ssd%2Caps%2C125&sr=8-18;4.7 de 5 estrellas;246;34;US$34.99;VERDADERO;FALSO
Serie Samsung 980 PRO con disipador de calor - 2TB PCIe Gen4 X4 NVMe 1.3c - SSD M.2 interno (MZ-V8P2T0CW);/-/es/Serie-Samsung-980-disipador-calor/dp/B09JHKSNNG/ref=sr_1_19?__mk_es_US=%C3%85M%C3%85%C5%BD%C3%95%C3%91&crid=2KF9RH1YKNFPP&keywords=ssd+internal+hard+drive&qid=1661892422&sprefix=disco+duro+interno+ssd%2Caps%2C125&sr=8-19;4.8 de 5 estrellas;16,144;249;US$249.99;VERDADERO;VERDADERO
PNY XLR8 CS3040 2TB M.2 NVMe Gen4 x4 Unidad interna de estado sólido (SSD) con disipador de calor - M280CS3040HS-2TB-RB​;/-/es/CS3040-Unidad-interna-estado-disipador/dp/B08KHCSQB3/ref=sr_1_20?__mk_es_US=%C3%85M%C3%85%C5%BD%C3%95%C3%91&crid=2KF9RH1YKNFPP&keywords=ssd+internal+hard+drive&qid=1661892422&sprefix=disco+duro+interno+ssd%2Caps%2C125&sr=8-20;4.6 de 5 estrellas;541;179;US$179.99;VERDADERO;VERDADERO
SAMSUNG 870 EVO 2.5 pulgadas SATA III SSD interno;/-/es/SAMSUNG-870-pulgadas-SATA-interno/dp/B08QB93S6R/ref=sr_1_3?__mk_es_US=%C3%85M%C3%85%C5%BD%C3%95%C3%91&crid=2KF9RH1YKNFPP&keywords=ssd+internal+hard+drive&qid=1661892422&sprefix=disco+duro+interno+ssd%2Caps%2C125&sr=8-3;4.8 de 5 estrellas;21,1;189;US$189.99;VERDADERO;VERDADERO
Kingston SSD - HDD interno de repuesto para aumentar el rendimiento;/-/es/Kingston-SSD-repuesto-aumentar-rendimiento/dp/B01N5IB20Q/ref=sr_1_4?__mk_es_US=%C3%85M%C3%85%C5%BD%C3%95%C3%91&crid=2KF9RH1YKNFPP&keywords=ssd+internal+hard+drive&qid=1661892422&sprefix=disco+duro+interno+ssd%2Caps%2C125&sr=8-4;4.8 de 5 estrellas;161,928;21;US$21.99;VERDADERO;VERDADERO
Crucial BX500 1TB 3D NAND SATA 2.5-Inch Internal SSD, up to 540MB/s - CT1000BX500SSD1;/-/es/CT1000BX500SSD1/dp/B07YD579WM/ref=sr_1_5?__mk_es_US=%C3%85M%C3%85%C5%BD%C3%95%C3%91&crid=2KF9RH1YKNFPP&keywords=ssd+internal+hard+drive&qid=1661892422&sprefix=disco+duro+interno+ssd%2Caps%2C125&sr=8-5;4.8 de 5 estrellas;79,261;64;US$64.99;VERDADERO;FALSO
Crucial MX500;/-/es/CT500MX500SSD1-Crucial-MX500/dp/B0786QNS9B/ref=sr_1_6?__mk_es_US=%C3%85M%C3%85%C5%BD%C3%95%C3%91&crid=2KF9RH1YKNFPP&keywords=ssd+internal+hard+drive&qid=1661892422&sprefix=disco+duro+interno+ssd%2Caps%2C125&sr=8-6;4.8 de 5 estrellas;72,468;52;US$52.99;VERDADERO;VERDADERO
"Western Digital Unidad interna de estado sólido SSD de 1 TB WD Blue SA510 SATA - SATA III 6 Gb/s, 2.5""/7mm, hasta 560 MB/s - WDS100T3B0A";/-/es/Western-Digital-Unidad-interna-estado/dp/B09ZYQ84CM/ref=sr_1_7?__mk_es_US=%C3%85M%C3%85%C5%BD%C3%95%C3%91&crid=2KF9RH1YKNFPP&keywords=ssd+internal+hard+drive&qid=1661892422&sprefix=disco+duro+interno+ssd%2Caps%2C125&sr=8-7;4.8 de 5 estrellas;30,845;69;US$69.99;VERDADERO;FALSO
"SanDisk SSD PLUS 2TB SSD interno - SATA III 6 Gb/s, 2.5""/7mm, hasta 545 MB/s - SDSSDA-2T00-G26";/-/es/SanDisk-SSD-PLUS-interno-SDSSDA-2T00-G26/dp/B07YFFJK2Q/ref=sr_1_8?__mk_es_US=%C3%85M%C3%85%C5%BD%C3%95%C3%91&crid=2KF9RH1YKNFPP&keywords=ssd+internal+hard+drive&qid=1661892422&sprefix=disco+duro+interno+ssd%2Caps%2C125&sr=8-8;4.7 de 5 estrellas;68,88;179;US$179.99;VERDADERO;VERDADERO
Samsung 870 QVO-Series - Unidad de estado sólido SSD de 2.5 pulgadas con conexión SATA III;/-/es/Samsung-870-QVO-pulgadas-conexi%C3%B3n/dp/B089C5P5SX/ref=sr_1_9?__mk_es_US=%C3%85M%C3%85%C5%BD%C3%95%C3%91&crid=2KF9RH1YKNFPP&keywords=ssd+internal+hard+drive&qid=1661892422&sprefix=disco+duro+interno+ssd%2Caps%2C125&sr=8-9;4.8 de 5 estrellas;16,107;369;US$369.99;VERDADERO;VERDADERO
"Fanxiang S101 1TB SSD SATA III 6Gb/s 2.5"" Unidad interna de estado sólido, velocidad de lectura de hasta 550MB/s, compatible con computadoras portátiles y PC (negro)";/-/es/S101-velocidad-compatible-computadoras-port%C3%A1tiles/dp/B09XDJ673F/ref=sr_1_10?__mk_es_US=%C3%85M%C3%85%C5%BD%C3%95%C3%91&crid=2KF9RH1YKNFPP&keywords=ssd+internal+hard+drive&qid=1661892422&sprefix=disco+duro+interno+ssd%2Caps%2C125&sr=8-10;4.6 de 5 estrellas;413;56;US$56.99;VERDADERO;FALSO
"SanDisk SSD PLUS 1TB SSD interno - SATA III 6 Gb/s, 2.5""/7mm, hasta 535 MB/s - SDSSDA-1T00-G27";/-/es/SanDisk-SSD-PLUS-interno-SDSSDA-1T00-G27/dp/B09NQJMW28/ref=sr_1_11?__mk_es_US=%C3%85M%C3%85%C5%BD%C3%95%C3%91&crid=2KF9RH1YKNFPP&keywords=ssd+internal+hard+drive&qid=1661892422&sprefix=disco+duro+interno+ssd%2Caps%2C125&sr=8-11;4.8 de 5 estrellas;413;59;US$59.99;VERDADERO;VERDADERO
"HP S700 2.5"" 1TB SATA III 3D TLC Unidad interna de estado sólido (SSD) 6MC15AA#ABC";/-/es/Unidad-interna-estado-6MC15AA-ABC/dp/B07QJ2BXN8/ref=sr_1_13?__mk_es_US=%C3%85M%C3%85%C5%BD%C3%95%C3%91&crid=2KF9RH1YKNFPP&keywords=ssd+internal+hard+drive&qid=1661892422&sprefix=disco+duro+interno+ssd%2Caps%2C125&sr=8-13;4.7 de 5 estrellas;432;74;US$74.99;VERDADERO;VERDADERO
PNY CS900 - Unidad interna de estado sólido (SSD) de 240 GB 3D NAND 2.5 pulgadas SATA III, (SSD7CS900-240-RB);/-/es/PNY-CS900-interna-2-5-pulgadas-SSD7CS900-240-RB/dp/B0719D9YL7/ref=sr_1_14?__mk_es_US=%C3%85M%C3%85%C5%BD%C3%95%C3%91&crid=2KF9RH1YKNFPP&keywords=ssd+internal+hard+drive&qid=1661892422&sprefix=disco+duro+interno+ssd%2Caps%2C125&sr=8-14;4.7 de 5 estrellas;20,21;21;US$21.49;VERDADERO;FALSO
TEAMGROUP MP34 4TB con caché DRAM SLC 3D NAND TLC NVMe 1.3 PCIe Gen3x4 M.2 2280 SSD interno (velocidad de lectura/escritura de hasta 3,500/2,900 MB/s) compatible con laptop y PC de escritorio TM8FP4004T0C101;/-/es/TEAMGROUP-velocidad-compatible-escritorio-TM8FP4004T0C101/dp/B08Z7LN8NM/ref=sr_1_15?__mk_es_US=%C3%85M%C3%85%C5%BD%C3%95%C3%91&crid=2KF9RH1YKNFPP&keywords=ssd+internal+hard+drive&qid=1661892422&sprefix=disco+duro+interno+ssd%2Caps%2C125&sr=8-15;4.7 de 5 estrellas;2,365;369;US$369.99;VERDADERO;VERDADERO
SAMSUNG 970 EVO Plus SSD de 2 TB - Unidad interna de estado sólido con interfaz M.2 NVMe con tecnología V-NAND (MZ-V7S2T0B/AM);/-/es/SAMSUNG-970-EVO-Plus-SSD/dp/B07MFZXR1B/ref=sr_1_16?__mk_es_US=%C3%85M%C3%85%C5%BD%C3%95%C3%91&crid=2KF9RH1YKNFPP&keywords=ssd+internal+hard+drive&qid=1661892422&sprefix=disco+duro+interno+ssd%2Caps%2C125&sr=8-16;4.9 de 5 estrellas;40,927;199;US$199.99;VERDADERO;VERDADERO
HP S650 - Disco duro interno de estado sólido SSD SATA III de 480 GB de 2.5 pulgadas, 6 Gb/s, 3D NAND TLC, hasta 560 MB/s para actualización de laptop y escritorio, 345M9AA#ABA;/-/es/HP-S650-pulgadas-actualizaci%C3%B3n-escritorio/dp/B09KFCB1DP/ref=sr_1_18?__mk_es_US=%C3%85M%C3%85%C5%BD%C3%95%C3%91&crid=2KF9RH1YKNFPP&keywords=ssd+internal+hard+drive&qid=1661892422&sprefix=disco+duro+interno+ssd%2Caps%2C125&sr=8-18;4.7 de 5 estrellas;246;34;US$34.99;VERDADERO;FALSO
Serie Samsung 980 PRO con disipador de calor - 2TB PCIe Gen4 X4 NVMe 1.3c - SSD M.2 interno (MZ-V8P2T0CW);/-/es/Serie-Samsung-980-disipador-calor/dp/B09JHKSNNG/ref=sr_1_19?__mk_es_US=%C3%85M%C3%85%C5%BD%C3%95%C3%91&crid=2KF9RH1YKNFPP&keywords=ssd+internal+hard+drive&qid=1661892422&sprefix=disco+duro+interno+ssd%2Caps%2C125&sr=8-19;4.8 de 5 estrellas;16,144;249;US$249.99;VERDADERO;VERDADERO
PNY XLR8 CS3040 2TB M.2 NVMe Gen4 x4 Unidad interna de estado sólido (SSD) con disipador de calor - M280CS3040HS-2TB-RB​;/-/es/CS3040-Unidad-interna-estado-disipador/dp/B08KHCSQB3/ref=sr_1_20?__mk_es_US=%C3%85M%C3%85%C5%BD%C3%95%C3%91&crid=2KF9RH1YKNFPP&keywords=ssd+internal+hard+drive&qid=1661892422&sprefix=disco+duro+interno+ssd%2Caps%2C125&sr=8-20;4.6 de 5 estrellas;541;179;US$179.99;VERDADERO;VERDADERO
