TITLE,LINK,SCORE,REVIEW,PRICE,PRICE BEFORE SALE,ENVIO GRATIS,SPONSORED
Kingston SSD - HDD interno de repuesto para aumentar el rendimiento,/-/es/Kingston-SSD-repuesto-aumentar-rendimiento/dp/B01N5IB20Q/ref=sr_1_1?__mk_es_US=%C3%85M%C3%85%C5%BD%C3%95%C3%91&crid=2KF9RH1YKNFPP&keywords=ssd+internal+hard+drive&qid=1665165805&qu=eyJxc2MiOiI2LjYzIiwicXNhIjoiNi4xNCIsInFzcCI6IjUuNTkifQ%3D%3D&sprefix=disco+duro+interno+ssd%2Caps%2C125&sr=8-1,4.8 de 5 estrellas,,21.,US$21.99,False,True
SAMSUNG 870 EVO 2.5 pulgadas SATA III SSD interno,/-/es/SAMSUNG-870-pulgadas-SATA-interno/dp/B08QBJ2YMG/ref=sr_1_2?__mk_es_US=%C3%85M%C3%85%C5%BD%C3%95%C3%91&crid=2KF9RH1YKNFPP&keywords=ssd+internal+hard+drive&qid=1665165805&qu=eyJxc2MiOiI2LjYzIiwicXNhIjoiNi4xNCIsInFzcCI6IjUuNTkifQ%3D%3D&sprefix=disco+duro+interno+ssd%2Caps%2C125&sr=8-2,4.8 de 5 estrellas,,104.,US$104.99,False,True
"Western Digital Unidad interna de estado sólido SSD de 1 TB WD Blue SA510 SATA - SATA III 6 Gb/s, 2.5""/7mm, hasta 560 MB/s - WDS100T3B0A",/-/es/Western-Digital-Unidad-interna-estado/dp/B09ZYQ84CM/ref=sr_1_3?__mk_es_US=%C3%85M%C3%85%C5%BD%C3%95%C3%91&crid=2KF9RH1YKNFPP&keywords=ssd+internal+hard+drive&qid=1665165805&qu=eyJxc2MiOiI2LjYzIiwicXNhIjoiNi4xNCIsInFzcCI6IjUuNTkifQ%3D%3D&sprefix=disco+duro+interno+ssd%2Caps%2C125&sr=8-3,4.6 de 5 estrellas,,74.,US$74.99,False,False
"Western Digital SSD interna de estado sólido SATA SA510 de 500 GB WD Blue - SATA III 6 Gb/s, 2.5""/7mm, hasta 560 MB/s - WDS500G3B0A",/-/es/Western-Digital-interna-estado-s%C3%B3lido/dp/B09ZYPTXS4/ref=sr_1_4?__mk_es_US=%C3%85M%C3%85%C5%BD%C3%95%C3%91&crid=2KF9RH1YKNFPP&keywords=ssd+internal+hard+drive&qid=1665165805&qu=eyJxc2MiOiI2LjYzIiwicXNhIjoiNi4xNCIsInFzcCI6IjUuNTkifQ%3D%3D&sprefix=disco+duro+interno+ssd%2Caps%2C125&sr=8-4,4.6 de 5 estrellas,,44.,US$44.99,False,False
Crucial MX500,/-/es/CT1000MX500SSD1-Crucial-MX500/dp/B078211KBB/ref=sr_1_5?__mk_es_US=%C3%85M%C3%85%C5%BD%C3%95%C3%91&crid=2KF9RH1YKNFPP&keywords=ssd+internal+hard+drive&qid=1665165805&qu=eyJxc2MiOiI2LjYzIiwicXNhIjoiNi4xNCIsInFzcCI6IjUuNTkifQ%3D%3D&sprefix=disco+duro+interno+ssd%2Caps%2C125&sr=8-5,4.8 de 5 estrellas,,75.,US$75.99,False,False
"Crucial BX500 1TB 3D NAND SATA 2.5-Inch Internal SSD, up to 540MB/s - CT1000BX500SSD1",/-/es/CT1000BX500SSD1/dp/B07YD579WM/ref=sr_1_6?__mk_es_US=%C3%85M%C3%85%C5%BD%C3%95%C3%91&crid=2KF9RH1YKNFPP&keywords=ssd+internal+hard+drive&qid=1665165805&qu=eyJxc2MiOiI2LjYzIiwicXNhIjoiNi4xNCIsInFzcCI6IjUuNTkifQ%3D%3D&sprefix=disco+duro+interno+ssd%2Caps%2C125&sr=8-6,4.8 de 5 estrellas,,67.,US$67.99,False,True
"SanDisk SSD PLUS 1TB SSD interno - SATA III 6 Gb/s, 2.5""/7mm, hasta 535 MB/s - SDSSDA-1T00-G26",/-/es/SanDisk-SSD-PLUS-interno-SDSSDA-1T00-G26/dp/B07D998212/ref=sr_1_8?__mk_es_US=%C3%85M%C3%85%C5%BD%C3%95%C3%91&crid=2KF9RH1YKNFPP&keywords=ssd+internal+hard+drive&qid=1665165805&qu=eyJxc2MiOiI2LjYzIiwicXNhIjoiNi4xNCIsInFzcCI6IjUuNTkifQ%3D%3D&sprefix=disco+duro+interno+ssd%2Caps%2C125&sr=8-8,4.7 de 5 estrellas,,79.,US$79.99,False,True
"Fanxiang S101 1TB SSD SATA III 6Gb/s 2.5"" Unidad interna de estado sólido, velocidad de lectura de hasta 550MB/s, compatible con computadoras portátiles y PC (negro)",/-/es/S101-velocidad-compatible-computadoras-port%C3%A1tiles/dp/B09XDJ673F/ref=sr_1_9?__mk_es_US=%C3%85M%C3%85%C5%BD%C3%95%C3%91&crid=2KF9RH1YKNFPP&keywords=ssd+internal+hard+drive&qid=1665165805&qu=eyJxc2MiOiI2LjYzIiwicXNhIjoiNi4xNCIsInFzcCI6IjUuNTkifQ%3D%3D&sprefix=disco+duro+interno+ssd%2Caps%2C125&sr=8-9,4.6 de 5 estrellas,,56.,US$56.99,False,False
"SanDisk SSD PLUS 1TB SSD interno - SATA III 6 Gb/s, 2.5""/7mm, hasta 535 MB/s - SDSSDA-1T00-G27",/-/es/SanDisk-SSD-PLUS-interno-SDSSDA-1T00-G27/dp/B09NQJMW28/ref=sr_1_10?__mk_es_US=%C3%85M%C3%85%C5%BD%C3%95%C3%91&crid=2KF9RH1YKNFPP&keywords=ssd+internal+hard+drive&qid=1665165805&qu=eyJxc2MiOiI2LjYzIiwicXNhIjoiNi4xNCIsInFzcCI6IjUuNTkifQ%3D%3D&sprefix=disco+duro+interno+ssd%2Caps%2C125&sr=8-10,4.8 de 5 estrellas,,69.,US$69.99,False,True
Samsung 870 QVO-Series - Unidad de estado sólido SSD de 2.5 pulgadas con conexión SATA III,/-/es/Samsung-870-QVO-pulgadas-conexi%C3%B3n/dp/B089C73T72/ref=sr_1_11?__mk_es_US=%C3%85M%C3%85%C5%BD%C3%95%C3%91&crid=2KF9RH1YKNFPP&keywords=ssd+internal+hard+drive&qid=1665165805&qu=eyJxc2MiOiI2LjYzIiwicXNhIjoiNi4xNCIsInFzcCI6IjUuNTkifQ%3D%3D&sprefix=disco+duro+interno+ssd%2Caps%2C125&sr=8-11,4.8 de 5 estrellas,,93.,US$93.99,False,True
"Samsung 970 EVO Plus SSD de 2 TB NVMe M.2 Disco duro interno de estado sólido con tecnología V-NAND, almacenamiento y expansión de memoria para juegos, gráficos con control de calor, velocidad máxima, MZ-V7S2T0B/AM",/-/es/tecnolog%C3%ADa-almacenamiento-expansi%C3%B3n-MZ-V7S2T0B-AM/dp/B07MFZXR1B/ref=sr_1_13?__mk_es_US=%C3%85M%C3%85%C5%BD%C3%95%C3%91&crid=2KF9RH1YKNFPP&keywords=ssd+internal+hard+drive&qid=1665165805&qu=eyJxc2MiOiI2LjYzIiwicXNhIjoiNi4xNCIsInFzcCI6IjUuNTkifQ%3D%3D&sprefix=disco+duro+interno+ssd%2Caps%2C125&sr=8-13,4.9 de 5 estrellas,,209.,US$209.99,False,True
SP Unidad interna de estado sólido interna de estado sólido (SP512GBSS3A55S25) SSD 3D NAND A55 SLC de 512GB SSD 3A55S25),/-/es/Unidad-interna-estado-SP512GBSS3A55S25-3A55S25/dp/B07997QV4Z/ref=sr_1_14?__mk_es_US=%C3%85M%C3%85%C5%BD%C3%95%C3%91&crid=2KF9RH1YKNFPP&keywords=ssd+internal+hard+drive&qid=1665165805&qu=eyJxc2MiOiI2LjYzIiwicXNhIjoiNi4xNCIsInFzcCI6IjUuNTkifQ%3D%3D&sprefix=disco+duro+interno+ssd%2Caps%2C125&sr=8-14,4.7 de 5 estrellas,,29.,US$29.99,False,False
"HP S700 2.5"" 1TB SATA III 3D TLC Unidad interna de estado sólido (SSD) 6MC15AA#ABC",/-/es/Unidad-interna-estado-6MC15AA-ABC/dp/B07QJ2BXN8/ref=sr_1_15?__mk_es_US=%C3%85M%C3%85%C5%BD%C3%95%C3%91&crid=2KF9RH1YKNFPP&keywords=ssd+internal+hard+drive&qid=1665165805&qu=eyJxc2MiOiI2LjYzIiwicXNhIjoiNi4xNCIsInFzcCI6IjUuNTkifQ%3D%3D&sprefix=disco+duro+interno+ssd%2Caps%2C125&sr=8-15,4.7 de 5 estrellas,,69.,US$69.99,False,False
"HP S650 - Disco duro interno de estado sólido SSD SATA III de 480 GB de 2.5 pulgadas, 6 Gb/s, 3D NAND TLC, hasta 560 MB/s para actualización de laptop y escritorio, 345M9AA#ABA",/-/es/HP-S650-pulgadas-actualizaci%C3%B3n-escritorio/dp/B09KFCB1DP/ref=sr_1_16?__mk_es_US=%C3%85M%C3%85%C5%BD%C3%95%C3%91&crid=2KF9RH1YKNFPP&keywords=ssd+internal+hard+drive&qid=1665165805&qu=eyJxc2MiOiI2LjYzIiwicXNhIjoiNi4xNCIsInFzcCI6IjUuNTkifQ%3D%3D&sprefix=disco+duro+interno+ssd%2Caps%2C125&sr=8-16,4.7 de 5 estrellas,,32.,US$32.99,False,True
"PNY CS900 - Unidad interna de estado sólido (SSD) de 240 GB 3D NAND 2.5 pulgadas SATA III, (SSD7CS900-240-RB)",/-/es/PNY-CS900-interna-2-5-pulgadas-SSD7CS900-240-RB/dp/B0719D9YL7/ref=sr_1_18?__mk_es_US=%C3%85M%C3%85%C5%BD%C3%95%C3%91&crid=2KF9RH1YKNFPP&keywords=ssd+internal+hard+drive&qid=1665165805&qu=eyJxc2MiOiI2LjYzIiwicXNhIjoiNi4xNCIsInFzcCI6IjUuNTkifQ%3D%3D&sprefix=disco+duro+interno+ssd%2Caps%2C125&sr=8-18,4.7 de 5 estrellas,,20.,US$20.99,False,False
SSD M.2 Samsung 980 PRO 1TB PCIe NVMe Gen4 interno para juegos (MZ-V8P1T0B),/-/es/Samsung-PCIe-interno-juegos-MZ-V8P1T0B/dp/B08GLX7TNT/ref=sr_1_19?__mk_es_US=%C3%85M%C3%85%C5%BD%C3%95%C3%91&crid=2KF9RH1YKNFPP&keywords=ssd+internal+hard+drive&qid=1665165805&qu=eyJxc2MiOiI2LjYzIiwicXNhIjoiNi4xNCIsInFzcCI6IjUuNTkifQ%3D%3D&sprefix=disco+duro+interno+ssd%2Caps%2C125&sr=8-19,4.8 de 5 estrellas,,129.,US$129.99,False,True
Kingston SSD - HDD interno de repuesto para aumentar el rendimiento,/-/es/Kingston-SSD-repuesto-aumentar-rendimiento/dp/B01N5IB20Q/ref=sr_1_1?__mk_es_US=%C3%85M%C3%85%C5%BD%C3%95%C3%91&crid=2KF9RH1YKNFPP&keywords=ssd+internal+hard+drive&qid=1665165805&qu=eyJxc2MiOiI2LjYzIiwicXNhIjoiNi4xNCIsInFzcCI6IjUuNTkifQ%3D%3D&sprefix=disco+duro+interno+ssd%2Caps%2C125&sr=8-1,4.8 de 5 estrellas,,21.,US$21.99,False,True
SAMSUNG 870 EVO 2.5 pulgadas SATA III SSD interno,/-/es/SAMSUNG-870-pulgadas-SATA-interno/dp/B08QBJ2YMG/ref=sr_1_2?__mk_es_US=%C3%85M%C3%85%C5%BD%C3%95%C3%91&crid=2KF9RH1YKNFPP&keywords=ssd+internal+hard+drive&qid=1665165805&qu=eyJxc2MiOiI2LjYzIiwicXNhIjoiNi4xNCIsInFzcCI6IjUuNTkifQ%3D%3D&sprefix=disco+duro+interno+ssd%2Caps%2C125&sr=8-2,4.8 de 5 estrellas,,104.,US$104.99,False,True
"Western Digital Unidad interna de estado sólido SSD de 1 TB WD Blue SA510 SATA - SATA III 6 Gb/s, 2.5""/7mm, hasta 560 MB/s - WDS100T3B0A",/-/es/Western-Digital-Unidad-interna-estado/dp/B09ZYQ84CM/ref=sr_1_3?__mk_es_US=%C3%85M%C3%85%C5%BD%C3%95%C3%91&crid=2KF9RH1YKNFPP&keywords=ssd+internal+hard+drive&qid=1665165805&qu=eyJxc2MiOiI2LjYzIiwicXNhIjoiNi4xNCIsInFzcCI6IjUuNTkifQ%3D%3D&sprefix=disco+duro+interno+ssd%2Caps%2C125&sr=8-3,4.6 de 5 estrellas,,74.,US$74.99,False,False
"Western Digital SSD interna de estado sólido SATA SA510 de 500 GB WD Blue - SATA III 6 Gb/s, 2.5""/7mm, hasta 560 MB/s - WDS500G3B0A",/-/es/Western-Digital-interna-estado-s%C3%B3lido/dp/B09ZYPTXS4/ref=sr_1_4?__mk_es_US=%C3%85M%C3%85%C5%BD%C3%95%C3%91&crid=2KF9RH1YKNFPP&keywords=ssd+internal+hard+drive&qid=1665165805&qu=eyJxc2MiOiI2LjYzIiwicXNhIjoiNi4xNCIsInFzcCI6IjUuNTkifQ%3D%3D&sprefix=disco+duro+interno+ssd%2Caps%2C125&sr=8-4,4.6 de 5 estrellas,,44.,US$44.99,False,False
Crucial MX500,/-/es/CT1000MX500SSD1-Crucial-MX500/dp/B078211KBB/ref=sr_1_5?__mk_es_US=%C3%85M%C3%85%C5%BD%C3%95%C3%91&crid=2KF9RH1YKNFPP&keywords=ssd+internal+hard+drive&qid=1665165805&qu=eyJxc2MiOiI2LjYzIiwicXNhIjoiNi4xNCIsInFzcCI6IjUuNTkifQ%3D%3D&sprefix=disco+duro+interno+ssd%2Caps%2C125&sr=8-5,4.8 de 5 estrellas,,75.,US$75.99,False,False
"Crucial BX500 1TB 3D NAND SATA 2.5-Inch Internal SSD, up to 540MB/s - CT1000BX500SSD1",/-/es/CT1000BX500SSD1/dp/B07YD579WM/ref=sr_1_6?__mk_es_US=%C3%85M%C3%85%C5%BD%C3%95%C3%91&crid=2KF9RH1YKNFPP&keywords=ssd+internal+hard+drive&qid=1665165805&qu=eyJxc2MiOiI2LjYzIiwicXNhIjoiNi4xNCIsInFzcCI6IjUuNTkifQ%3D%3D&sprefix=disco+duro+interno+ssd%2Caps%2C125&sr=8-6,4.8 de 5 estrellas,,67.,US$67.99,False,True
"SanDisk SSD PLUS 1TB SSD interno - SATA III 6 Gb/s, 2.5""/7mm, hasta 535 MB/s - SDSSDA-1T00-G26",/-/es/SanDisk-SSD-PLUS-interno-SDSSDA-1T00-G26/dp/B07D998212/ref=sr_1_8?__mk_es_US=%C3%85M%C3%85%C5%BD%C3%95%C3%91&crid=2KF9RH1YKNFPP&keywords=ssd+internal+hard+drive&qid=1665165805&qu=eyJxc2MiOiI2LjYzIiwicXNhIjoiNi4xNCIsInFzcCI6IjUuNTkifQ%3D%3D&sprefix=disco+duro+interno+ssd%2Caps%2C125&sr=8-8,4.7 de 5 estrellas,,79.,US$79.99,False,True
"Fanxiang S101 1TB SSD SATA III 6Gb/s 2.5"" Unidad interna de estado sólido, velocidad de lectura de hasta 550MB/s, compatible con computadoras portátiles y PC (negro)",/-/es/S101-velocidad-compatible-computadoras-port%C3%A1tiles/dp/B09XDJ673F/ref=sr_1_9?__mk_es_US=%C3%85M%C3%85%C5%BD%C3%95%C3%91&crid=2KF9RH1YKNFPP&keywords=ssd+internal+hard+drive&qid=1665165805&qu=eyJxc2MiOiI2LjYzIiwicXNhIjoiNi4xNCIsInFzcCI6IjUuNTkifQ%3D%3D&sprefix=disco+duro+interno+ssd%2Caps%2C125&sr=8-9,4.6 de 5 estrellas,,56.,US$56.99,False,False
"SanDisk SSD PLUS 1TB SSD interno - SATA III 6 Gb/s, 2.5""/7mm, hasta 535 MB/s - SDSSDA-1T00-G27",/-/es/SanDisk-SSD-PLUS-interno-SDSSDA-1T00-G27/dp/B09NQJMW28/ref=sr_1_10?__mk_es_US=%C3%85M%C3%85%C5%BD%C3%95%C3%91&crid=2KF9RH1YKNFPP&keywords=ssd+internal+hard+drive&qid=1665165805&qu=eyJxc2MiOiI2LjYzIiwicXNhIjoiNi4xNCIsInFzcCI6IjUuNTkifQ%3D%3D&sprefix=disco+duro+interno+ssd%2Caps%2C125&sr=8-10,4.8 de 5 estrellas,,69.,US$69.99,False,True
Samsung 870 QVO-Series - Unidad de estado sólido SSD de 2.5 pulgadas con conexión SATA III,/-/es/Samsung-870-QVO-pulgadas-conexi%C3%B3n/dp/B089C73T72/ref=sr_1_11?__mk_es_US=%C3%85M%C3%85%C5%BD%C3%95%C3%91&crid=2KF9RH1YKNFPP&keywords=ssd+internal+hard+drive&qid=1665165805&qu=eyJxc2MiOiI2LjYzIiwicXNhIjoiNi4xNCIsInFzcCI6IjUuNTkifQ%3D%3D&sprefix=disco+duro+interno+ssd%2Caps%2C125&sr=8-11,4.8 de 5 estrellas,,93.,US$93.99,False,True
"Samsung 970 EVO Plus SSD de 2 TB NVMe M.2 Disco duro interno de estado sólido con tecnología V-NAND, almacenamiento y expansión de memoria para juegos, gráficos con control de calor, velocidad máxima, MZ-V7S2T0B/AM",/-/es/tecnolog%C3%ADa-almacenamiento-expansi%C3%B3n-MZ-V7S2T0B-AM/dp/B07MFZXR1B/ref=sr_1_13?__mk_es_US=%C3%85M%C3%85%C5%BD%C3%95%C3%91&crid=2KF9RH1YKNFPP&keywords=ssd+internal+hard+drive&qid=1665165805&qu=eyJxc2MiOiI2LjYzIiwicXNhIjoiNi4xNCIsInFzcCI6IjUuNTkifQ%3D%3D&sprefix=disco+duro+interno+ssd%2Caps%2C125&sr=8-13,4.9 de 5 estrellas,,209.,US$209.99,False,True
SP Unidad interna de estado sólido interna de estado sólido (SP512GBSS3A55S25) SSD 3D NAND A55 SLC de 512GB SSD 3A55S25),/-/es/Unidad-interna-estado-SP512GBSS3A55S25-3A55S25/dp/B07997QV4Z/ref=sr_1_14?__mk_es_US=%C3%85M%C3%85%C5%BD%C3%95%C3%91&crid=2KF9RH1YKNFPP&keywords=ssd+internal+hard+drive&qid=1665165805&qu=eyJxc2MiOiI2LjYzIiwicXNhIjoiNi4xNCIsInFzcCI6IjUuNTkifQ%3D%3D&sprefix=disco+duro+interno+ssd%2Caps%2C125&sr=8-14,4.7 de 5 estrellas,,29.,US$29.99,False,False
"HP S700 2.5"" 1TB SATA III 3D TLC Unidad interna de estado sólido (SSD) 6MC15AA#ABC",/-/es/Unidad-interna-estado-6MC15AA-ABC/dp/B07QJ2BXN8/ref=sr_1_15?__mk_es_US=%C3%85M%C3%85%C5%BD%C3%95%C3%91&crid=2KF9RH1YKNFPP&keywords=ssd+internal+hard+drive&qid=1665165805&qu=eyJxc2MiOiI2LjYzIiwicXNhIjoiNi4xNCIsInFzcCI6IjUuNTkifQ%3D%3D&sprefix=disco+duro+interno+ssd%2Caps%2C125&sr=8-15,4.7 de 5 estrellas,,69.,US$69.99,False,False
"HP S650 - Disco duro interno de estado sólido SSD SATA III de 480 GB de 2.5 pulgadas, 6 Gb/s, 3D NAND TLC, hasta 560 MB/s para actualización de laptop y escritorio, 345M9AA#ABA",/-/es/HP-S650-pulgadas-actualizaci%C3%B3n-escritorio/dp/B09KFCB1DP/ref=sr_1_16?__mk_es_US=%C3%85M%C3%85%C5%BD%C3%95%C3%91&crid=2KF9RH1YKNFPP&keywords=ssd+internal+hard+drive&qid=1665165805&qu=eyJxc2MiOiI2LjYzIiwicXNhIjoiNi4xNCIsInFzcCI6IjUuNTkifQ%3D%3D&sprefix=disco+duro+interno+ssd%2Caps%2C125&sr=8-16,4.7 de 5 estrellas,,32.,US$32.99,False,True
"PNY CS900 - Unidad interna de estado sólido (SSD) de 240 GB 3D NAND 2.5 pulgadas SATA III, (SSD7CS900-240-RB)",/-/es/PNY-CS900-interna-2-5-pulgadas-SSD7CS900-240-RB/dp/B0719D9YL7/ref=sr_1_18?__mk_es_US=%C3%85M%C3%85%C5%BD%C3%95%C3%91&crid=2KF9RH1YKNFPP&keywords=ssd+internal+hard+drive&qid=1665165805&qu=eyJxc2MiOiI2LjYzIiwicXNhIjoiNi4xNCIsInFzcCI6IjUuNTkifQ%3D%3D&sprefix=disco+duro+interno+ssd%2Caps%2C125&sr=8-18,4.7 de 5 estrellas,,20.,US$20.99,False,False
SSD M.2 Samsung 980 PRO 1TB PCIe NVMe Gen4 interno para juegos (MZ-V8P1T0B),/-/es/Samsung-PCIe-interno-juegos-MZ-V8P1T0B/dp/B08GLX7TNT/ref=sr_1_19?__mk_es_US=%C3%85M%C3%85%C5%BD%C3%95%C3%91&crid=2KF9RH1YKNFPP&keywords=ssd+internal+hard+drive&qid=1665165805&qu=eyJxc2MiOiI2LjYzIiwicXNhIjoiNi4xNCIsInFzcCI6IjUuNTkifQ%3D%3D&sprefix=disco+duro+interno+ssd%2Caps%2C125&sr=8-19,4.8 de 5 estrellas,,129.,US$129.99,False,True
Kingston SSD - HDD interno de repuesto para aumentar el rendimiento,/-/es/Kingston-SSD-repuesto-aumentar-rendimiento/dp/B01N5IB20Q/ref=sr_1_1?__mk_es_US=%C3%85M%C3%85%C5%BD%C3%95%C3%91&crid=2KF9RH1YKNFPP&keywords=ssd+internal+hard+drive&qid=1665165805&qu=eyJxc2MiOiI2LjYzIiwicXNhIjoiNi4xNCIsInFzcCI6IjUuNTkifQ%3D%3D&sprefix=disco+duro+interno+ssd%2Caps%2C125&sr=8-1,4.8 de 5 estrellas,,21.,US$21.99,False,True
SAMSUNG 870 EVO 2.5 pulgadas SATA III SSD interno,/-/es/SAMSUNG-870-pulgadas-SATA-interno/dp/B08QBJ2YMG/ref=sr_1_2?__mk_es_US=%C3%85M%C3%85%C5%BD%C3%95%C3%91&crid=2KF9RH1YKNFPP&keywords=ssd+internal+hard+drive&qid=1665165805&qu=eyJxc2MiOiI2LjYzIiwicXNhIjoiNi4xNCIsInFzcCI6IjUuNTkifQ%3D%3D&sprefix=disco+duro+interno+ssd%2Caps%2C125&sr=8-2,4.8 de 5 estrellas,,104.,US$104.99,False,True
"Western Digital Unidad interna de estado sólido SSD de 1 TB WD Blue SA510 SATA - SATA III 6 Gb/s, 2.5""/7mm, hasta 560 MB/s - WDS100T3B0A",/-/es/Western-Digital-Unidad-interna-estado/dp/B09ZYQ84CM/ref=sr_1_3?__mk_es_US=%C3%85M%C3%85%C5%BD%C3%95%C3%91&crid=2KF9RH1YKNFPP&keywords=ssd+internal+hard+drive&qid=1665165805&qu=eyJxc2MiOiI2LjYzIiwicXNhIjoiNi4xNCIsInFzcCI6IjUuNTkifQ%3D%3D&sprefix=disco+duro+interno+ssd%2Caps%2C125&sr=8-3,4.6 de 5 estrellas,,74.,US$74.99,False,False
"Western Digital SSD interna de estado sólido SATA SA510 de 500 GB WD Blue - SATA III 6 Gb/s, 2.5""/7mm, hasta 560 MB/s - WDS500G3B0A",/-/es/Western-Digital-interna-estado-s%C3%B3lido/dp/B09ZYPTXS4/ref=sr_1_4?__mk_es_US=%C3%85M%C3%85%C5%BD%C3%95%C3%91&crid=2KF9RH1YKNFPP&keywords=ssd+internal+hard+drive&qid=1665165805&qu=eyJxc2MiOiI2LjYzIiwicXNhIjoiNi4xNCIsInFzcCI6IjUuNTkifQ%3D%3D&sprefix=disco+duro+interno+ssd%2Caps%2C125&sr=8-4,4.6 de 5 estrellas,,44.,US$44.99,False,False
Crucial MX500,/-/es/CT1000MX500SSD1-Crucial-MX500/dp/B078211KBB/ref=sr_1_5?__mk_es_US=%C3%85M%C3%85%C5%BD%C3%95%C3%91&crid=2KF9RH1YKNFPP&keywords=ssd+internal+hard+drive&qid=1665165805&qu=eyJxc2MiOiI2LjYzIiwicXNhIjoiNi4xNCIsInFzcCI6IjUuNTkifQ%3D%3D&sprefix=disco+duro+interno+ssd%2Caps%2C125&sr=8-5,4.8 de 5 estrellas,,75.,US$75.99,False,False
"Crucial BX500 1TB 3D NAND SATA 2.5-Inch Internal SSD, up to 540MB/s - CT1000BX500SSD1",/-/es/CT1000BX500SSD1/dp/B07YD579WM/ref=sr_1_6?__mk_es_US=%C3%85M%C3%85%C5%BD%C3%95%C3%91&crid=2KF9RH1YKNFPP&keywords=ssd+internal+hard+drive&qid=1665165805&qu=eyJxc2MiOiI2LjYzIiwicXNhIjoiNi4xNCIsInFzcCI6IjUuNTkifQ%3D%3D&sprefix=disco+duro+interno+ssd%2Caps%2C125&sr=8-6,4.8 de 5 estrellas,,67.,US$67.99,False,True
"SanDisk SSD PLUS 1TB SSD interno - SATA III 6 Gb/s, 2.5""/7mm, hasta 535 MB/s - SDSSDA-1T00-G26",/-/es/SanDisk-SSD-PLUS-interno-SDSSDA-1T00-G26/dp/B07D998212/ref=sr_1_8?__mk_es_US=%C3%85M%C3%85%C5%BD%C3%95%C3%91&crid=2KF9RH1YKNFPP&keywords=ssd+internal+hard+drive&qid=1665165805&qu=eyJxc2MiOiI2LjYzIiwicXNhIjoiNi4xNCIsInFzcCI6IjUuNTkifQ%3D%3D&sprefix=disco+duro+interno+ssd%2Caps%2C125&sr=8-8,4.7 de 5 estrellas,,79.,US$79.99,False,True
"Fanxiang S101 1TB SSD SATA III 6Gb/s 2.5"" Unidad interna de estado sólido, velocidad de lectura de hasta 550MB/s, compatible con computadoras portátiles y PC (negro)",/-/es/S101-velocidad-compatible-computadoras-port%C3%A1tiles/dp/B09XDJ673F/ref=sr_1_9?__mk_es_US=%C3%85M%C3%85%C5%BD%C3%95%C3%91&crid=2KF9RH1YKNFPP&keywords=ssd+internal+hard+drive&qid=1665165805&qu=eyJxc2MiOiI2LjYzIiwicXNhIjoiNi4xNCIsInFzcCI6IjUuNTkifQ%3D%3D&sprefix=disco+duro+interno+ssd%2Caps%2C125&sr=8-9,4.6 de 5 estrellas,,56.,US$56.99,False,False
"SanDisk SSD PLUS 1TB SSD interno - SATA III 6 Gb/s, 2.5""/7mm, hasta 535 MB/s - SDSSDA-1T00-G27",/-/es/SanDisk-SSD-PLUS-interno-SDSSDA-1T00-G27/dp/B09NQJMW28/ref=sr_1_10?__mk_es_US=%C3%85M%C3%85%C5%BD%C3%95%C3%91&crid=2KF9RH1YKNFPP&keywords=ssd+internal+hard+drive&qid=1665165805&qu=eyJxc2MiOiI2LjYzIiwicXNhIjoiNi4xNCIsInFzcCI6IjUuNTkifQ%3D%3D&sprefix=disco+duro+interno+ssd%2Caps%2C125&sr=8-10,4.8 de 5 estrellas,,69.,US$69.99,False,True
Samsung 870 QVO-Series - Unidad de estado sólido SSD de 2.5 pulgadas con conexión SATA III,/-/es/Samsung-870-QVO-pulgadas-conexi%C3%B3n/dp/B089C73T72/ref=sr_1_11?__mk_es_US=%C3%85M%C3%85%C5%BD%C3%95%C3%91&crid=2KF9RH1YKNFPP&keywords=ssd+internal+hard+drive&qid=1665165805&qu=eyJxc2MiOiI2LjYzIiwicXNhIjoiNi4xNCIsInFzcCI6IjUuNTkifQ%3D%3D&sprefix=disco+duro+interno+ssd%2Caps%2C125&sr=8-11,4.8 de 5 estrellas,,93.,US$93.99,False,True
"Samsung 970 EVO Plus SSD de 2 TB NVMe M.2 Disco duro interno de estado sólido con tecnología V-NAND, almacenamiento y expansión de memoria para juegos, gráficos con control de calor, velocidad máxima, MZ-V7S2T0B/AM",/-/es/tecnolog%C3%ADa-almacenamiento-expansi%C3%B3n-MZ-V7S2T0B-AM/dp/B07MFZXR1B/ref=sr_1_13?__mk_es_US=%C3%85M%C3%85%C5%BD%C3%95%C3%91&crid=2KF9RH1YKNFPP&keywords=ssd+internal+hard+drive&qid=1665165805&qu=eyJxc2MiOiI2LjYzIiwicXNhIjoiNi4xNCIsInFzcCI6IjUuNTkifQ%3D%3D&sprefix=disco+duro+interno+ssd%2Caps%2C125&sr=8-13,4.9 de 5 estrellas,,209.,US$209.99,False,True
SP Unidad interna de estado sólido interna de estado sólido (SP512GBSS3A55S25) SSD 3D NAND A55 SLC de 512GB SSD 3A55S25),/-/es/Unidad-interna-estado-SP512GBSS3A55S25-3A55S25/dp/B07997QV4Z/ref=sr_1_14?__mk_es_US=%C3%85M%C3%85%C5%BD%C3%95%C3%91&crid=2KF9RH1YKNFPP&keywords=ssd+internal+hard+drive&qid=1665165805&qu=eyJxc2MiOiI2LjYzIiwicXNhIjoiNi4xNCIsInFzcCI6IjUuNTkifQ%3D%3D&sprefix=disco+duro+interno+ssd%2Caps%2C125&sr=8-14,4.7 de 5 estrellas,,29.,US$29.99,False,False
"HP S700 2.5"" 1TB SATA III 3D TLC Unidad interna de estado sólido (SSD) 6MC15AA#ABC",/-/es/Unidad-interna-estado-6MC15AA-ABC/dp/B07QJ2BXN8/ref=sr_1_15?__mk_es_US=%C3%85M%C3%85%C5%BD%C3%95%C3%91&crid=2KF9RH1YKNFPP&keywords=ssd+internal+hard+drive&qid=1665165805&qu=eyJxc2MiOiI2LjYzIiwicXNhIjoiNi4xNCIsInFzcCI6IjUuNTkifQ%3D%3D&sprefix=disco+duro+interno+ssd%2Caps%2C125&sr=8-15,4.7 de 5 estrellas,,69.,US$69.99,False,False
"HP S650 - Disco duro interno de estado sólido SSD SATA III de 480 GB de 2.5 pulgadas, 6 Gb/s, 3D NAND TLC, hasta 560 MB/s para actualización de laptop y escritorio, 345M9AA#ABA",/-/es/HP-S650-pulgadas-actualizaci%C3%B3n-escritorio/dp/B09KFCB1DP/ref=sr_1_16?__mk_es_US=%C3%85M%C3%85%C5%BD%C3%95%C3%91&crid=2KF9RH1YKNFPP&keywords=ssd+internal+hard+drive&qid=1665165805&qu=eyJxc2MiOiI2LjYzIiwicXNhIjoiNi4xNCIsInFzcCI6IjUuNTkifQ%3D%3D&sprefix=disco+duro+interno+ssd%2Caps%2C125&sr=8-16,4.7 de 5 estrellas,,32.,US$32.99,False,True
"PNY CS900 - Unidad interna de estado sólido (SSD) de 240 GB 3D NAND 2.5 pulgadas SATA III, (SSD7CS900-240-RB)",/-/es/PNY-CS900-interna-2-5-pulgadas-SSD7CS900-240-RB/dp/B0719D9YL7/ref=sr_1_18?__mk_es_US=%C3%85M%C3%85%C5%BD%C3%95%C3%91&crid=2KF9RH1YKNFPP&keywords=ssd+internal+hard+drive&qid=1665165805&qu=eyJxc2MiOiI2LjYzIiwicXNhIjoiNi4xNCIsInFzcCI6IjUuNTkifQ%3D%3D&sprefix=disco+duro+interno+ssd%2Caps%2C125&sr=8-18,4.7 de 5 estrellas,,20.,US$20.99,False,False
SSD M.2 Samsung 980 PRO 1TB PCIe NVMe Gen4 interno para juegos (MZ-V8P1T0B),/-/es/Samsung-PCIe-interno-juegos-MZ-V8P1T0B/dp/B08GLX7TNT/ref=sr_1_19?__mk_es_US=%C3%85M%C3%85%C5%BD%C3%95%C3%91&crid=2KF9RH1YKNFPP&keywords=ssd+internal+hard+drive&qid=1665165805&qu=eyJxc2MiOiI2LjYzIiwicXNhIjoiNi4xNCIsInFzcCI6IjUuNTkifQ%3D%3D&sprefix=disco+duro+interno+ssd%2Caps%2C125&sr=8-19,4.8 de 5 estrellas,,129.,US$129.99,False,True
Kingston SSD - HDD interno de repuesto para aumentar el rendimiento,/-/es/Kingston-SSD-repuesto-aumentar-rendimiento/dp/B01N5IB20Q/ref=sr_1_1?__mk_es_US=%C3%85M%C3%85%C5%BD%C3%95%C3%91&crid=2KF9RH1YKNFPP&keywords=ssd+internal+hard+drive&qid=1665165805&qu=eyJxc2MiOiI2LjYzIiwicXNhIjoiNi4xNCIsInFzcCI6IjUuNTkifQ%3D%3D&sprefix=disco+duro+interno+ssd%2Caps%2C125&sr=8-1,4.8 de 5 estrellas,,21.,US$21.99,False,True
SAMSUNG 870 EVO 2.5 pulgadas SATA III SSD interno,/-/es/SAMSUNG-870-pulgadas-SATA-interno/dp/B08QBJ2YMG/ref=sr_1_2?__mk_es_US=%C3%85M%C3%85%C5%BD%C3%95%C3%91&crid=2KF9RH1YKNFPP&keywords=ssd+internal+hard+drive&qid=1665165805&qu=eyJxc2MiOiI2LjYzIiwicXNhIjoiNi4xNCIsInFzcCI6IjUuNTkifQ%3D%3D&sprefix=disco+duro+interno+ssd%2Caps%2C125&sr=8-2,4.8 de 5 estrellas,,104.,US$104.99,False,True
"Western Digital Unidad interna de estado sólido SSD de 1 TB WD Blue SA510 SATA - SATA III 6 Gb/s, 2.5""/7mm, hasta 560 MB/s - WDS100T3B0A",/-/es/Western-Digital-Unidad-interna-estado/dp/B09ZYQ84CM/ref=sr_1_3?__mk_es_US=%C3%85M%C3%85%C5%BD%C3%95%C3%91&crid=2KF9RH1YKNFPP&keywords=ssd+internal+hard+drive&qid=1665165805&qu=eyJxc2MiOiI2LjYzIiwicXNhIjoiNi4xNCIsInFzcCI6IjUuNTkifQ%3D%3D&sprefix=disco+duro+interno+ssd%2Caps%2C125&sr=8-3,4.6 de 5 estrellas,,74.,US$74.99,False,False
"Western Digital SSD interna de estado sólido SATA SA510 de 500 GB WD Blue - SATA III 6 Gb/s, 2.5""/7mm, hasta 560 MB/s - WDS500G3B0A",/-/es/Western-Digital-interna-estado-s%C3%B3lido/dp/B09ZYPTXS4/ref=sr_1_4?__mk_es_US=%C3%85M%C3%85%C5%BD%C3%95%C3%91&crid=2KF9RH1YKNFPP&keywords=ssd+internal+hard+drive&qid=1665165805&qu=eyJxc2MiOiI2LjYzIiwicXNhIjoiNi4xNCIsInFzcCI6IjUuNTkifQ%3D%3D&sprefix=disco+duro+interno+ssd%2Caps%2C125&sr=8-4,4.6 de 5 estrellas,,44.,US$44.99,False,False
Crucial MX500,/-/es/CT1000MX500SSD1-Crucial-MX500/dp/B078211KBB/ref=sr_1_5?__mk_es_US=%C3%85M%C3%85%C5%BD%C3%95%C3%91&crid=2KF9RH1YKNFPP&keywords=ssd+internal+hard+drive&qid=1665165805&qu=eyJxc2MiOiI2LjYzIiwicXNhIjoiNi4xNCIsInFzcCI6IjUuNTkifQ%3D%3D&sprefix=disco+duro+interno+ssd%2Caps%2C125&sr=8-5,4.8 de 5 estrellas,,75.,US$75.99,False,False
"Crucial BX500 1TB 3D NAND SATA 2.5-Inch Internal SSD, up to 540MB/s - CT1000BX500SSD1",/-/es/CT1000BX500SSD1/dp/B07YD579WM/ref=sr_1_6?__mk_es_US=%C3%85M%C3%85%C5%BD%C3%95%C3%91&crid=2KF9RH1YKNFPP&keywords=ssd+internal+hard+drive&qid=1665165805&qu=eyJxc2MiOiI2LjYzIiwicXNhIjoiNi4xNCIsInFzcCI6IjUuNTkifQ%3D%3D&sprefix=disco+duro+interno+ssd%2Caps%2C125&sr=8-6,4.8 de 5 estrellas,,67.,US$67.99,False,True
"SanDisk SSD PLUS 1TB SSD interno - SATA III 6 Gb/s, 2.5""/7mm, hasta 535 MB/s - SDSSDA-1T00-G26",/-/es/SanDisk-SSD-PLUS-interno-SDSSDA-1T00-G26/dp/B07D998212/ref=sr_1_8?__mk_es_US=%C3%85M%C3%85%C5%BD%C3%95%C3%91&crid=2KF9RH1YKNFPP&keywords=ssd+internal+hard+drive&qid=1665165805&qu=eyJxc2MiOiI2LjYzIiwicXNhIjoiNi4xNCIsInFzcCI6IjUuNTkifQ%3D%3D&sprefix=disco+duro+interno+ssd%2Caps%2C125&sr=8-8,4.7 de 5 estrellas,,79.,US$79.99,False,True
"Fanxiang S101 1TB SSD SATA III 6Gb/s 2.5"" Unidad interna de estado sólido, velocidad de lectura de hasta 550MB/s, compatible con computadoras portátiles y PC (negro)",/-/es/S101-velocidad-compatible-computadoras-port%C3%A1tiles/dp/B09XDJ673F/ref=sr_1_9?__mk_es_US=%C3%85M%C3%85%C5%BD%C3%95%C3%91&crid=2KF9RH1YKNFPP&keywords=ssd+internal+hard+drive&qid=1665165805&qu=eyJxc2MiOiI2LjYzIiwicXNhIjoiNi4xNCIsInFzcCI6IjUuNTkifQ%3D%3D&sprefix=disco+duro+interno+ssd%2Caps%2C125&sr=8-9,4.6 de 5 estrellas,,56.,US$56.99,False,False
"SanDisk SSD PLUS 1TB SSD interno - SATA III 6 Gb/s, 2.5""/7mm, hasta 535 MB/s - SDSSDA-1T00-G27",/-/es/SanDisk-SSD-PLUS-interno-SDSSDA-1T00-G27/dp/B09NQJMW28/ref=sr_1_10?__mk_es_US=%C3%85M%C3%85%C5%BD%C3%95%C3%91&crid=2KF9RH1YKNFPP&keywords=ssd+internal+hard+drive&qid=1665165805&qu=eyJxc2MiOiI2LjYzIiwicXNhIjoiNi4xNCIsInFzcCI6IjUuNTkifQ%3D%3D&sprefix=disco+duro+interno+ssd%2Caps%2C125&sr=8-10,4.8 de 5 estrellas,,69.,US$69.99,False,True
Samsung 870 QVO-Series - Unidad de estado sólido SSD de 2.5 pulgadas con conexión SATA III,/-/es/Samsung-870-QVO-pulgadas-conexi%C3%B3n/dp/B089C73T72/ref=sr_1_11?__mk_es_US=%C3%85M%C3%85%C5%BD%C3%95%C3%91&crid=2KF9RH1YKNFPP&keywords=ssd+internal+hard+drive&qid=1665165805&qu=eyJxc2MiOiI2LjYzIiwicXNhIjoiNi4xNCIsInFzcCI6IjUuNTkifQ%3D%3D&sprefix=disco+duro+interno+ssd%2Caps%2C125&sr=8-11,4.8 de 5 estrellas,,93.,US$93.99,False,True
"Samsung 970 EVO Plus SSD de 2 TB NVMe M.2 Disco duro interno de estado sólido con tecnología V-NAND, almacenamiento y expansión de memoria para juegos, gráficos con control de calor, velocidad máxima, MZ-V7S2T0B/AM",/-/es/tecnolog%C3%ADa-almacenamiento-expansi%C3%B3n-MZ-V7S2T0B-AM/dp/B07MFZXR1B/ref=sr_1_13?__mk_es_US=%C3%85M%C3%85%C5%BD%C3%95%C3%91&crid=2KF9RH1YKNFPP&keywords=ssd+internal+hard+drive&qid=1665165805&qu=eyJxc2MiOiI2LjYzIiwicXNhIjoiNi4xNCIsInFzcCI6IjUuNTkifQ%3D%3D&sprefix=disco+duro+interno+ssd%2Caps%2C125&sr=8-13,4.9 de 5 estrellas,,209.,US$209.99,False,True
SP Unidad interna de estado sólido interna de estado sólido (SP512GBSS3A55S25) SSD 3D NAND A55 SLC de 512GB SSD 3A55S25),/-/es/Unidad-interna-estado-SP512GBSS3A55S25-3A55S25/dp/B07997QV4Z/ref=sr_1_14?__mk_es_US=%C3%85M%C3%85%C5%BD%C3%95%C3%91&crid=2KF9RH1YKNFPP&keywords=ssd+internal+hard+drive&qid=1665165805&qu=eyJxc2MiOiI2LjYzIiwicXNhIjoiNi4xNCIsInFzcCI6IjUuNTkifQ%3D%3D&sprefix=disco+duro+interno+ssd%2Caps%2C125&sr=8-14,4.7 de 5 estrellas,,29.,US$29.99,False,False
"HP S700 2.5"" 1TB SATA III 3D TLC Unidad interna de estado sólido (SSD) 6MC15AA#ABC",/-/es/Unidad-interna-estado-6MC15AA-ABC/dp/B07QJ2BXN8/ref=sr_1_15?__mk_es_US=%C3%85M%C3%85%C5%BD%C3%95%C3%91&crid=2KF9RH1YKNFPP&keywords=ssd+internal+hard+drive&qid=1665165805&qu=eyJxc2MiOiI2LjYzIiwicXNhIjoiNi4xNCIsInFzcCI6IjUuNTkifQ%3D%3D&sprefix=disco+duro+interno+ssd%2Caps%2C125&sr=8-15,4.7 de 5 estrellas,,69.,US$69.99,False,False
"HP S650 - Disco duro interno de estado sólido SSD SATA III de 480 GB de 2.5 pulgadas, 6 Gb/s, 3D NAND TLC, hasta 560 MB/s para actualización de laptop y escritorio, 345M9AA#ABA",/-/es/HP-S650-pulgadas-actualizaci%C3%B3n-escritorio/dp/B09KFCB1DP/ref=sr_1_16?__mk_es_US=%C3%85M%C3%85%C5%BD%C3%95%C3%91&crid=2KF9RH1YKNFPP&keywords=ssd+internal+hard+drive&qid=1665165805&qu=eyJxc2MiOiI2LjYzIiwicXNhIjoiNi4xNCIsInFzcCI6IjUuNTkifQ%3D%3D&sprefix=disco+duro+interno+ssd%2Caps%2C125&sr=8-16,4.7 de 5 estrellas,,32.,US$32.99,False,True
"PNY CS900 - Unidad interna de estado sólido (SSD) de 240 GB 3D NAND 2.5 pulgadas SATA III, (SSD7CS900-240-RB)",/-/es/PNY-CS900-interna-2-5-pulgadas-SSD7CS900-240-RB/dp/B0719D9YL7/ref=sr_1_18?__mk_es_US=%C3%85M%C3%85%C5%BD%C3%95%C3%91&crid=2KF9RH1YKNFPP&keywords=ssd+internal+hard+drive&qid=1665165805&qu=eyJxc2MiOiI2LjYzIiwicXNhIjoiNi4xNCIsInFzcCI6IjUuNTkifQ%3D%3D&sprefix=disco+duro+interno+ssd%2Caps%2C125&sr=8-18,4.7 de 5 estrellas,,20.,US$20.99,False,False
SSD M.2 Samsung 980 PRO 1TB PCIe NVMe Gen4 interno para juegos (MZ-V8P1T0B),/-/es/Samsung-PCIe-interno-juegos-MZ-V8P1T0B/dp/B08GLX7TNT/ref=sr_1_19?__mk_es_US=%C3%85M%C3%85%C5%BD%C3%95%C3%91&crid=2KF9RH1YKNFPP&keywords=ssd+internal+hard+drive&qid=1665165805&qu=eyJxc2MiOiI2LjYzIiwicXNhIjoiNi4xNCIsInFzcCI6IjUuNTkifQ%3D%3D&sprefix=disco+duro+interno+ssd%2Caps%2C125&sr=8-19,4.8 de 5 estrellas,,129.,US$129.99,False,True
Kingston SSD - HDD interno de repuesto para aumentar el rendimiento,/-/es/Kingston-SSD-repuesto-aumentar-rendimiento/dp/B01N5IB20Q/ref=sr_1_1?__mk_es_US=%C3%85M%C3%85%C5%BD%C3%95%C3%91&crid=2KF9RH1YKNFPP&keywords=ssd+internal+hard+drive&qid=1665165805&qu=eyJxc2MiOiI2LjYzIiwicXNhIjoiNi4xNCIsInFzcCI6IjUuNTkifQ%3D%3D&sprefix=disco+duro+interno+ssd%2Caps%2C125&sr=8-1,4.8 de 5 estrellas,,21.,US$21.99,False,True
SAMSUNG 870 EVO 2.5 pulgadas SATA III SSD interno,/-/es/SAMSUNG-870-pulgadas-SATA-interno/dp/B08QBJ2YMG/ref=sr_1_2?__mk_es_US=%C3%85M%C3%85%C5%BD%C3%95%C3%91&crid=2KF9RH1YKNFPP&keywords=ssd+internal+hard+drive&qid=1665165805&qu=eyJxc2MiOiI2LjYzIiwicXNhIjoiNi4xNCIsInFzcCI6IjUuNTkifQ%3D%3D&sprefix=disco+duro+interno+ssd%2Caps%2C125&sr=8-2,4.8 de 5 estrellas,,104.,US$104.99,False,True
"Western Digital Unidad interna de estado sólido SSD de 1 TB WD Blue SA510 SATA - SATA III 6 Gb/s, 2.5""/7mm, hasta 560 MB/s - WDS100T3B0A",/-/es/Western-Digital-Unidad-interna-estado/dp/B09ZYQ84CM/ref=sr_1_3?__mk_es_US=%C3%85M%C3%85%C5%BD%C3%95%C3%91&crid=2KF9RH1YKNFPP&keywords=ssd+internal+hard+drive&qid=1665165805&qu=eyJxc2MiOiI2LjYzIiwicXNhIjoiNi4xNCIsInFzcCI6IjUuNTkifQ%3D%3D&sprefix=disco+duro+interno+ssd%2Caps%2C125&sr=8-3,4.6 de 5 estrellas,,74.,US$74.99,False,False
"Western Digital SSD interna de estado sólido SATA SA510 de 500 GB WD Blue - SATA III 6 Gb/s, 2.5""/7mm, hasta 560 MB/s - WDS500G3B0A",/-/es/Western-Digital-interna-estado-s%C3%B3lido/dp/B09ZYPTXS4/ref=sr_1_4?__mk_es_US=%C3%85M%C3%85%C5%BD%C3%95%C3%91&crid=2KF9RH1YKNFPP&keywords=ssd+internal+hard+drive&qid=1665165805&qu=eyJxc2MiOiI2LjYzIiwicXNhIjoiNi4xNCIsInFzcCI6IjUuNTkifQ%3D%3D&sprefix=disco+duro+interno+ssd%2Caps%2C125&sr=8-4,4.6 de 5 estrellas,,44.,US$44.99,False,False
Crucial MX500,/-/es/CT1000MX500SSD1-Crucial-MX500/dp/B078211KBB/ref=sr_1_5?__mk_es_US=%C3%85M%C3%85%C5%BD%C3%95%C3%91&crid=2KF9RH1YKNFPP&keywords=ssd+internal+hard+drive&qid=1665165805&qu=eyJxc2MiOiI2LjYzIiwicXNhIjoiNi4xNCIsInFzcCI6IjUuNTkifQ%3D%3D&sprefix=disco+duro+interno+ssd%2Caps%2C125&sr=8-5,4.8 de 5 estrellas,,75.,US$75.99,False,False
"Crucial BX500 1TB 3D NAND SATA 2.5-Inch Internal SSD, up to 540MB/s - CT1000BX500SSD1",/-/es/CT1000BX500SSD1/dp/B07YD579WM/ref=sr_1_6?__mk_es_US=%C3%85M%C3%85%C5%BD%C3%95%C3%91&crid=2KF9RH1YKNFPP&keywords=ssd+internal+hard+drive&qid=1665165805&qu=eyJxc2MiOiI2LjYzIiwicXNhIjoiNi4xNCIsInFzcCI6IjUuNTkifQ%3D%3D&sprefix=disco+duro+interno+ssd%2Caps%2C125&sr=8-6,4.8 de 5 estrellas,,67.,US$67.99,False,True
"SanDisk SSD PLUS 1TB SSD interno - SATA III 6 Gb/s, 2.5""/7mm, hasta 535 MB/s - SDSSDA-1T00-G26",/-/es/SanDisk-SSD-PLUS-interno-SDSSDA-1T00-G26/dp/B07D998212/ref=sr_1_8?__mk_es_US=%C3%85M%C3%85%C5%BD%C3%95%C3%91&crid=2KF9RH1YKNFPP&keywords=ssd+internal+hard+drive&qid=1665165805&qu=eyJxc2MiOiI2LjYzIiwicXNhIjoiNi4xNCIsInFzcCI6IjUuNTkifQ%3D%3D&sprefix=disco+duro+interno+ssd%2Caps%2C125&sr=8-8,4.7 de 5 estrellas,,79.,US$79.99,False,True
"Fanxiang S101 1TB SSD SATA III 6Gb/s 2.5"" Unidad interna de estado sólido, velocidad de lectura de hasta 550MB/s, compatible con computadoras portátiles y PC (negro)",/-/es/S101-velocidad-compatible-computadoras-port%C3%A1tiles/dp/B09XDJ673F/ref=sr_1_9?__mk_es_US=%C3%85M%C3%85%C5%BD%C3%95%C3%91&crid=2KF9RH1YKNFPP&keywords=ssd+internal+hard+drive&qid=1665165805&qu=eyJxc2MiOiI2LjYzIiwicXNhIjoiNi4xNCIsInFzcCI6IjUuNTkifQ%3D%3D&sprefix=disco+duro+interno+ssd%2Caps%2C125&sr=8-9,4.6 de 5 estrellas,,56.,US$56.99,False,False
"SanDisk SSD PLUS 1TB SSD interno - SATA III 6 Gb/s, 2.5""/7mm, hasta 535 MB/s - SDSSDA-1T00-G27",/-/es/SanDisk-SSD-PLUS-interno-SDSSDA-1T00-G27/dp/B09NQJMW28/ref=sr_1_10?__mk_es_US=%C3%85M%C3%85%C5%BD%C3%95%C3%91&crid=2KF9RH1YKNFPP&keywords=ssd+internal+hard+drive&qid=1665165805&qu=eyJxc2MiOiI2LjYzIiwicXNhIjoiNi4xNCIsInFzcCI6IjUuNTkifQ%3D%3D&sprefix=disco+duro+interno+ssd%2Caps%2C125&sr=8-10,4.8 de 5 estrellas,,69.,US$69.99,False,True
Samsung 870 QVO-Series - Unidad de estado sólido SSD de 2.5 pulgadas con conexión SATA III,/-/es/Samsung-870-QVO-pulgadas-conexi%C3%B3n/dp/B089C73T72/ref=sr_1_11?__mk_es_US=%C3%85M%C3%85%C5%BD%C3%95%C3%91&crid=2KF9RH1YKNFPP&keywords=ssd+internal+hard+drive&qid=1665165805&qu=eyJxc2MiOiI2LjYzIiwicXNhIjoiNi4xNCIsInFzcCI6IjUuNTkifQ%3D%3D&sprefix=disco+duro+interno+ssd%2Caps%2C125&sr=8-11,4.8 de 5 estrellas,,93.,US$93.99,False,True
"Samsung 970 EVO Plus SSD de 2 TB NVMe M.2 Disco duro interno de estado sólido con tecnología V-NAND, almacenamiento y expansión de memoria para juegos, gráficos con control de calor, velocidad máxima, MZ-V7S2T0B/AM",/-/es/tecnolog%C3%ADa-almacenamiento-expansi%C3%B3n-MZ-V7S2T0B-AM/dp/B07MFZXR1B/ref=sr_1_13?__mk_es_US=%C3%85M%C3%85%C5%BD%C3%95%C3%91&crid=2KF9RH1YKNFPP&keywords=ssd+internal+hard+drive&qid=1665165805&qu=eyJxc2MiOiI2LjYzIiwicXNhIjoiNi4xNCIsInFzcCI6IjUuNTkifQ%3D%3D&sprefix=disco+duro+interno+ssd%2Caps%2C125&sr=8-13,4.9 de 5 estrellas,,209.,US$209.99,False,True
SP Unidad interna de estado sólido interna de estado sólido (SP512GBSS3A55S25) SSD 3D NAND A55 SLC de 512GB SSD 3A55S25),/-/es/Unidad-interna-estado-SP512GBSS3A55S25-3A55S25/dp/B07997QV4Z/ref=sr_1_14?__mk_es_US=%C3%85M%C3%85%C5%BD%C3%95%C3%91&crid=2KF9RH1YKNFPP&keywords=ssd+internal+hard+drive&qid=1665165805&qu=eyJxc2MiOiI2LjYzIiwicXNhIjoiNi4xNCIsInFzcCI6IjUuNTkifQ%3D%3D&sprefix=disco+duro+interno+ssd%2Caps%2C125&sr=8-14,4.7 de 5 estrellas,,29.,US$29.99,False,False
"HP S700 2.5"" 1TB SATA III 3D TLC Unidad interna de estado sólido (SSD) 6MC15AA#ABC",/-/es/Unidad-interna-estado-6MC15AA-ABC/dp/B07QJ2BXN8/ref=sr_1_15?__mk_es_US=%C3%85M%C3%85%C5%BD%C3%95%C3%91&crid=2KF9RH1YKNFPP&keywords=ssd+internal+hard+drive&qid=1665165805&qu=eyJxc2MiOiI2LjYzIiwicXNhIjoiNi4xNCIsInFzcCI6IjUuNTkifQ%3D%3D&sprefix=disco+duro+interno+ssd%2Caps%2C125&sr=8-15,4.7 de 5 estrellas,,69.,US$69.99,False,False
"HP S650 - Disco duro interno de estado sólido SSD SATA III de 480 GB de 2.5 pulgadas, 6 Gb/s, 3D NAND TLC, hasta 560 MB/s para actualización de laptop y escritorio, 345M9AA#ABA",/-/es/HP-S650-pulgadas-actualizaci%C3%B3n-escritorio/dp/B09KFCB1DP/ref=sr_1_16?__mk_es_US=%C3%85M%C3%85%C5%BD%C3%95%C3%91&crid=2KF9RH1YKNFPP&keywords=ssd+internal+hard+drive&qid=1665165805&qu=eyJxc2MiOiI2LjYzIiwicXNhIjoiNi4xNCIsInFzcCI6IjUuNTkifQ%3D%3D&sprefix=disco+duro+interno+ssd%2Caps%2C125&sr=8-16,4.7 de 5 estrellas,,32.,US$32.99,False,True
"PNY CS900 - Unidad interna de estado sólido (SSD) de 240 GB 3D NAND 2.5 pulgadas SATA III, (SSD7CS900-240-RB)",/-/es/PNY-CS900-interna-2-5-pulgadas-SSD7CS900-240-RB/dp/B0719D9YL7/ref=sr_1_18?__mk_es_US=%C3%85M%C3%85%C5%BD%C3%95%C3%91&crid=2KF9RH1YKNFPP&keywords=ssd+internal+hard+drive&qid=1665165805&qu=eyJxc2MiOiI2LjYzIiwicXNhIjoiNi4xNCIsInFzcCI6IjUuNTkifQ%3D%3D&sprefix=disco+duro+interno+ssd%2Caps%2C125&sr=8-18,4.7 de 5 estrellas,,20.,US$20.99,False,False
SSD M.2 Samsung 980 PRO 1TB PCIe NVMe Gen4 interno para juegos (MZ-V8P1T0B),/-/es/Samsung-PCIe-interno-juegos-MZ-V8P1T0B/dp/B08GLX7TNT/ref=sr_1_19?__mk_es_US=%C3%85M%C3%85%C5%BD%C3%95%C3%91&crid=2KF9RH1YKNFPP&keywords=ssd+internal+hard+drive&qid=1665165805&qu=eyJxc2MiOiI2LjYzIiwicXNhIjoiNi4xNCIsInFzcCI6IjUuNTkifQ%3D%3D&sprefix=disco+duro+interno+ssd%2Caps%2C125&sr=8-19,4.8 de 5 estrellas,,129.,US$129.99,False,True
